번호,업소명,도로명주소,소재지주소,지정일자,음식의유형,주된음식종류,전화번호
1,한밭식당,대전광역시 동구 태전로 3 (중동),대전광역시 동구 중동 60-1 ,19920728,한식,설렁탕, 042 2561565
2,태화장,"대전광역시 동구 중앙로203번길 78, 1,2,3층 (정동)","대전광역시 동구 정동 36-34 ,36-32, 36-30번지 1,2,3층 ",19981021,,"짜장,짬뽕",042 256 2407
3,왕관식당,대전광역시 동구 선화로196번길 6 (중동),대전광역시 동구 중동 3-30 ,20061228,,"육회,콩나물밥", 042 2211663
4,경동오징어국수식당,대전광역시 동구 계족로 369 (성남동),대전광역시 동구 성남동 200-342 ,20120319,분식,칼국수, 042626 5707
5,중국성,대전광역시 동구 대전로815번길 66 (정동),대전광역시 동구 정동 8-5 ,20050930,,탕수육, 042254 3353
6,별천지,대전광역시 동구 산서로1659번길 29 (대별동),대전광역시 동구 대별동 198 ,20061228,,한방백숙,042 271 0207
7,평양숨두부식당,대전광역시 동구 대전로 381 (대성동),대전광역시 동구 대성동 163-2 ,19940516,,숨두부, 042284 4141
8,만인산식당,대전광역시 동구 산내로 111 (하소동),대전광역시 동구 하소동 460-1 ,19981021,,"갈비탕, 불고기", 042274 0700
9,옛촌,대전광역시 동구 장수1길 2 (신흥동),대전광역시 동구 신흥동 9-1 ,20090413,,생삼겹살, 042 2741678
10,락원간제미타운식당,"대전광역시 동구 우암로171번길 19 (성남동,,8)","대전광역시 동구 성남동 42-4 ,8 ",19970804,,간재미무침, 042 6361667
11,용운산성식당,대전광역시 동구 새울로 42-21 (용운동),대전광역시 동구 용운동 316-17 ,19970804,,누룽지백숙, 042 2856692
12,착한낙지홍도점,대전광역시 동구 동서대로 1609-2 (홍도동),대전광역시 동구 홍도동 13-11 ,20060929,,낙지볶음, 042 6255100
13,박가네 등갈비,"대전광역시 동구 동대전로 287, 1,2층 (가양동)","대전광역시 동구 가양동 419-3 1,2층 ",20141215,한식,매운등갈비, 042 6216219
14,풍전삼계탕식당,대전광역시 동구 계족로 414 (용전동),대전광역시 동구 용전동 145-9 ,20080331,,삼계탕, 042 6313838
15,진성아구찜용전점,대전광역시 동구 계족로392번길 2 (성남동),대전광역시 동구 성남동 504-51 ,20110929,한식,해물찜,042 634 1044
16,장원오리,대전광역시 동구 한밭대로 1299 (용전동),대전광역시 동구 용전동 24-3 ,20050630,한식,누룽지오리백숙,
17,소나무칼국수황제보쌈,대전광역시 동구 송촌남로11번길 209 (용전동),대전광역시 동구 용전동 10-1 ,20041130,,바지락칼국수, 042 6738333
18,천안원조닭똥집식당,대전광역시 동구 동서대로1692번길 27 (가양동),대전광역시 동구 가양동 450-25 ,20080331,,닭똥집볶음, 042 6339038
19,장가네대구왕뽈떼기,대전광역시 동구 계족로 309-1 (성남동),대전광역시 동구 성남동 73-3 ,20090413,,대구뽈찜, 042 6230750
20,띠울참숯석갈비가양점,"대전광역시 동구 동대전로 316 (가양동,,13)","대전광역시 동구 가양동 422-9 ,13 ",20090106,,석갈비, 042 6394422
21,동태탕에 집중하다,"대전광역시 동구 옥천로 54, 1층 (신흥동)",대전광역시 동구 신흥동 214 ,20170628,한식,동태탕, 042 2715551
22,대박집정육식당,대전광역시 동구 계족로 426 (용전동),"대전광역시 동구 용전동 140-5 ,1 ",20090630,,고기, 042 6212133
23,외식,대전광역시 동구 대전로 435-9 (가오동),"대전광역시 동구 가오동 237-29 373-13, 407-84 ",20090413,,돼지갈비, 042 2849200
24,함초양념갈비,대전광역시 동구 계족로 508 (용전동),대전광역시 동구 용전동 43-5 ,20061228,,양념갈비, 042 6241184
25,경성한우축산식당,대전광역시 동구 계족로140번길 150 (용운동),대전광역시 동구 용운동 450-11 ,20150708,식육,등심,042 528 8949
26,일품정육식당,대전광역시 동구 대전로 296 (대성동),대전광역시 동구 대성동 210-1 ,20071023,한식,고기,042 285 8443
27,감골오리,대전광역시 동구 대전로 896 (삼성동),대전광역시 동구 삼성동 296-13 ,20071023,,오리부추구이, 042 6225295
28,어진숯불갈비식당,"대전광역시 동구 충무로 229 (인동,2층)",대전광역시 동구 인동 147-7 2층 ,20071023,,숯불갈비, 042285 0114
29,금촌한우정육식당,대전광역시 동구 계족로 324 (성남동),대전광역시 동구 성남동 47-2 ,20101008,,한우모듬구이, 042 6727159
30,불난뚱땡이,대전광역시 동구 백룡로 21 (자양동),대전광역시 동구 자양동 104-28 ,20091001,한식,돼지고기 삼겹살,042 624 0009
31,안면도회센타,대전광역시 동구 산내로 1407 (낭월동),대전광역시 동구 낭월동 302 ,20091001,일식,회, 042 4887722
32,시골막국수와 닭개장,대전광역시 동구 대학로50번길 78-28 (용운동),대전광역시 동구 용운동 663 ,20130607,분식,막국수,042 282 4883
33,명성만두샤브샤브전문점,대전광역시 동구 신기로 91 (가오동),대전광역시 동구 가오동 493 ,20090618,,만두전골,042 286 8088
34,모모갈비식당,대전광역시 동구 신기로 117 (가오동),대전광역시 동구 가오동 477 ,20130607,한식,돼지갈비,042 484 0606
35,차오차오 앤 니하오마,대전광역시 동구 한남로 13 (홍도동),대전광역시 동구 홍도동 97 ,20120319,중식,자장면,042 623 9295
36,한우농장30년,"대전광역시 동구 동부로 13 (판암동,1, 2층)","대전광역시 동구 판암동 490-10 1, 2층 ",20110331,,한우꽃등심, 042 2749393
37,솔파인 레스토랑,"대전광역시 동구 동대전로 171 (자양동, 우송정보대신관 13층)",대전광역시 동구 자양동 72-1 ,20130404,양식,스테이크,042 629 6610
38,장금이유기농우렁쌈밥,대전광역시 동구 가양로 135 (가양동),대전광역시 동구 가양동 448-17 ,20120608,한식,쌈밥,042 638 8253
39,봉추찜닭,"대전광역시 동구 동서대로1695번길 30, 동관동 CE106호 (용전동, 대전복합터미널)",대전광역시 동구 용전동 68-2 대전복합터미널 ,20131018,한식,찜닭,042 622 6981
40,장충동할머니족발보쌈(용운점),"대전광역시 동구 백룡로 75-43, 지하1층 (용운동)",대전광역시 동구 용운동 125-4 ,20140704,한식,"족발,보쌈", 042 3228881
41,유성갈비 가오점,"대전광역시 동구 대전로448번길 52-4, 1층 (가오동)",대전광역시 동구 가오동 590 1층 ,20170404,한식,돼지갈비,042 274 3579
42,진로집,대전광역시 중구 중교로 45-5 (대흥동),대전광역시 중구 대흥동 314-1 ,19950707,,두루치기,042 226 0914
43,희락반점,대전광역시 중구 중앙로129번길 21 (선화동),대전광역시 중구 선화동 36 ,20051220,,"자장면,탕수육",042 256 0273
44,금광식당,"대전광역시 중구 충무로 127 (대사동,(2,3,4,층))","대전광역시 중구 대사동 64-18 (2,3,4,층) ",19950707,,한정식,042 226 8686
45,쭈낙,대전광역시 중구 계백로1593번길 7 (유천동),대전광역시 중구 유천동 209-212 ,20160329,한식,"쭈꾸미, 낙지",042 533 5550
46,영동식당,대전광역시 중구 계룡로874번길 27-9 (오류동),대전광역시 중구 오류동 153-25 ,19980829,,토끼탕,042 531 6016
47,고려회관,"대전광역시 중구 중앙로109번길 30, 2층 (선화동)",대전광역시 중구 선화동 232-8 2층 ,20160329,한식,"소고기, 정식", 042 2548080
48,삼성식당,"대전광역시 중구 계룡로 860-13, 1층 (오류동)",대전광역시 중구 오류동 149-6 1층 ,20020413,한식,제육짜글이,042 533 8745
49,연아식당,대전광역시 중구 유천로 57-9 (유천동),대전광역시 중구 유천동 212-2 ,19981121,,황태찜,042 583 8956
50,본가아구와동태찜,대전광역시 중구 대종로549번길 34 (선화동),대전광역시 중구 선화동 141-2 ,20070629,,동태찜,042 255 0088
51,태화원,대전광역시 중구 중앙로112번길 43 (대흥동),대전광역시 중구 대흥동 463 ,20111221,중식,중화요리,042 255 1688
52,다정식당,"대전광역시 중구 보문산공원로 496, 1층 (대사동)",대전광역시 중구 대사동 198-138 1층 ,20150331,한식(향토),"보리밥, 묵무침", 042 2524322
53,자연산횟집,대전광역시 중구 유천로86번길 20 (유천동),대전광역시 중구 유천동 204-6 ,20030408,,"활어회, 매운탕",042 535 7132
54,초량식당,대전광역시 중구 중앙로121번길 58 (선화동),대전광역시 중구 선화동 18-4 ,20051220,,"등심,백반", 042255 4563
55,영광민물장어식당,"대전광역시 중구 보문로 213 (대흥동,(1층))",대전광역시 중구 대흥동 326-182 (1층) ,19991007,,장어구이,042 257 2388
56,충남장어구이,"대전광역시 중구 대흥로121번길 28 (대흥동,(1,2층))","대전광역시 중구 대흥동 410-1 (1,2층) ",19960528,,장어구이,042 255 9897
57,예지원식당,"대전광역시 중구 중앙로16번길 27-17, 1~4층 (문화동)",대전광역시 중구 문화동 1-178 1~4층 ,20110927,한식,한정식,042 222 3522
58,황토우렁이마을,대전광역시 중구 대둔산로 454 (산성동),대전광역시 중구 산성동 160-14 ,20110401,,우렁이 쌈밥, 042 5820118
59,국보산삼오리,"대전광역시 중구 대종로460번길 62 (대흥동,(2층))",대전광역시 중구 대흥동 3-1 (2층) ,20140408,한식,오리전문,042 252 5288
60,홍두깨칼국수,"대전광역시 중구 대종로 258, 1층 (석교동)",대전광역시 중구 석교동 10-17 1층 ,20140710,"칼국수,수육",, 042 2548314
61,대들보함흥면옥,"대전광역시 중구 계백로1583번길 39, 1층 (유천동)",대전광역시 중구 유천동 311-13 1층 ,20080929,,"냉면,불고기,만두",042 522 5900
62,로보쿡식당,대전광역시 중구 중앙로164번길 18 (은행동),대전광역시 중구 은행동 40-1 ,20140408,양식,"피자,스파게티",042 221 5009
63,신태평고을정육식당,"대전광역시 중구 동서대로 1190, 1층 (태평동)","대전광역시 중구 태평동 413-2 ,2(1층) ",20130327,한식,"한우, 삽겹살",042 528 5775
64,한일회관,대전광역시 중구 유등천동로582번길 30 (태평동),대전광역시 중구 태평동 365-69 ,20110401,,삼겹살, 042 5338891
65,산성골식당,"대전광역시 중구 대둔산로364번길 9 (산성동,, 273-7(1,2층))","대전광역시 중구 산성동 273-8 , 273-7(1,2층) ",20080929,,등심,042 581 2989
66,한우종가,대전광역시 중구 산성로57번길 11 (산성동),대전광역시 중구 산성동 335-2 ,20081223,,"한우,토종돼지고기",042 586 5572
67,고향콩나물밥,대전광역시 중구 보문로 305 (선화동),대전광역시 중구 선화동 354 ,20080411,,콩나물밥,042 253 0088
68,플라잉팬,"대전광역시 중구 대종로 480, 2층 (은행동)",대전광역시 중구 은행동 153 (2층) ,20021009,,스파게티,042 223 3004
69,코바그릴,"대전광역시 중구 중교로 53, 1층 (대흥동)","대전광역시 중구 대흥동 219-10 ,220(1층) ",20170630,양식,슈하스코(브라질전통요리), 042 2215399
70,향촌한우타운,"대전광역시 중구 계백로1615번길 66 (유천동,,155-5(1층))","대전광역시 중구 유천동 188-3 ,155-5(1층) ",20071227,,한우암소,042 528 0022
71,팔도막국수,"대전광역시 중구 어덕마을로 109 (중촌동,(1층))",대전광역시 중구 중촌동 9-8 (1층) ,20030408,,막국수,042 223 0651
72,왕십리곱창,"대전광역시 중구 계백로1685번길 8 (오류동,(1층))",대전광역시 중구 오류동 165-9 (1층) ,20060928,,곱창구이,042 531 1154
73,밀밭칼국수,"대전광역시 중구 보문산로 147-18 (문화동,(2층))",대전광역시 중구 문화동 559-1 (2층) ,20151218,한식,칼국수,042 586 9654
74,장수두부촌,"대전광역시 중구 뿌리공원로23번길 54 (안영동,(1층))",대전광역시 중구 안영동 696-6 (1층) ,20030408,,두부버섯전골,042 586 5988
75,우돈마루,"대전광역시 중구 목중로 50 (중촌동,제일프라자(지하))",대전광역시 중구 중촌동 16-10 제일프라자(지하) ,20071227,,한우,042 222 1262
76,화평본가,"대전광역시 중구 계룡로 856, 삼학빌딩 1층 (오류동)",대전광역시 중구 오류동 175-5 삼학빌딩 1층 ,20070629,,냉면,042 526 9256
77,두손개성만두,"대전광역시 중구 보문산로365번길 2 (문화동,(1층))",대전광역시 중구 문화동 11-15 (1층) ,20120328,한식,만두전골,042 582 5262
78,바다황제,"대전광역시 중구 대흥로121번길 43, 1~2층 (대흥동)","대전광역시 중구 대흥동 458-1 (1,2층) ",20090413,,활어회,042 256 5665
79,토담식당,"대전광역시 중구 계룡로 922, 205,206,207호 (문화동, 하우스토리)","대전광역시 중구 문화동 1-31 하우스토리 205,206,207호 ",20090703,,쌈밥정식,042 257 2355
80,최가네식당,"대전광역시 중구 대둔산로159번안길 2 (안영동,(1,2층))","대전광역시 중구 안영동 416-6 (1,2층) ",20111221,한식,돼지석갈비,042 583 6997
81,시루향기산성점,"대전광역시 중구 대둔산로 364 (산성동,(1층))",대전광역시 중구 산성동 273-10 (1층) ,20110706,한식,콩나물국밥,042 587 0592
82,손이가어죽칼국수,"대전광역시 중구 중앙로121번길 44, 1~2층 (선화동)",대전광역시 중구 선화동 20 1~2층 ,20071016,한식,"칼국수, 족발",042 489 5003
83,유가옥,"대전광역시 중구 대종로 323 (부사동,(1층))",대전광역시 중구 부사동 128-1 (1층) ,20160704,한식,"설렁탕, 수육",042 256 3455
84,풍년산채골,"대전광역시 중구 보문산로 147-18 (문화동,(1층))",대전광역시 중구 문화동 559-1 (1층) ,20080411,,"한우암소, 냉면",042 584 6094
85,내담,"대전광역시 중구 보문산로171번안길 24 (문화동,(1층))",대전광역시 중구 문화동 559-12 (1층) ,20140929,,칼국수,042 582 8777
86,선속초코다리냉면,"대전광역시 중구 대흥로 22, 1층 (대사동)",대전광역시 중구 대사동 248-264 (1층) ,20120919,한식,냉면,042 224 6699
87,맛나감자탕,"대전광역시 중구 동서대로 1228-8 (태평동,,2,3,26(1층))","대전광역시 중구 태평동 381-1 ,2,3,26(1층) ",20120627,한식,감자탕,042 534 0602
88,논두렁추어칼국수,"대전광역시 중구 보문로20번길 41, 1층 (문창동)",대전광역시 중구 문창동 118-3 (1층) ,20110706,한식,"추어칼국수,추어탕",042 272 7589
89,니하오유천점,"대전광역시 중구 평촌로 84 (유천동,,197-2)","대전광역시 중구 유천동 196 ,197-2 ",20120919,중식,자장면,042 535 8070
90,큰집숯불갈비,"대전광역시 중구 계룡로881번길 9-7 (용두동,(1층))",대전광역시 중구 용두동 19-4 (1층) ,20070330,,돼지갈비,042 253 4848
91,인정원,"대전광역시 중구 계룡로 755 (용두동,(3층))",대전광역시 중구 용두동 138-9 (3층) ,20110401,한식,한정식,042 254 4999
92,맛소야,"대전광역시 중구 계백로1565번길 10 (유천동,,42(1.2층))","대전광역시 중구 유천동 308-37 ,42(1.2층) ",20080929,,"소고기구이,등심",042 524 9923
93,크래버대게나라대전점,"대전광역시 중구 계룡로 875 (용두동,1층)",대전광역시 중구 용두동 19-8 1층 ,20091001,,대게,042 253 5295
94,무지개한정식,"대전광역시 중구 보문로 264 (대흥동,지상2층)",대전광역시 중구 대흥동 498-2 지상2층 ,20091001,,한정식,042 256 8881
95,이삭,"대전광역시 중구 중앙로170번길 24 (은행동,,53-19,53-22(1층))","대전광역시 중구 은행동 53-1 ,53-19,53-22(1층) ",20090413,,생선초밥,042 253 1002
96,김판순김치찌개,"대전광역시 중구 안영로 45 (안영동,(지상1층))",대전광역시 중구 안영동 642-3 (지상1층) ,20110509,,"김치찌개, 삼겹살",042 586 5252
97,원조태평소국밥유천점,"대전광역시 중구 유천로 17-1 (유천동,(1층))",대전광역시 중구 유천동 268-15 (1층) ,20100330,,국밥,042 528 2222
98,괴산올갱이,대전광역시 중구 보문로 253-27 (대흥동),대전광역시 중구 대흥동 503-2 (지상2층) ,20140929,,올갱이해장국,042 253 3501
99,박가부대찌개(은행점),"대전광역시 중구 중앙로164번길 22-9 (은행동,(1층))",대전광역시 중구 은행동 33-4 (1층) ,20111221,한식,부대찌개,042 221 8277
100,하나참치,"대전광역시 중구 계백로1685번길 18 (오류동,(1층))",대전광역시 중구 오류동 166-10 (1층) ,20161227,일식,참치회,042 521 0033
101,남다른감자탕대전유천점,"대전광역시 중구 계백로 1601 (유천동,(1층))",대전광역시 중구 유천동 207-6 (1층) ,20160329,한식,"감자탕, 해장국",042 534 2110
102,해뜨는집,"대전광역시 중구 대종로296번길 17 (문창동,(1층))",대전광역시 중구 문창동 373-3 (1층) ,20100930,,오리백숙,042 274 8720
103,대림한정식,"대전광역시 중구 대종로505번길 50, 2층 (선화동)","대전광역시 중구 선화동 229-6 ,229-1,229-7,229-8,230-2,230-6 대림관광호텔(2층) ",20151218,한식,한정식,042 221 6969
104,풍천민물장어,"대전광역시 중구 계백로 1601 (유천동,(2층))",대전광역시 중구 유천동 207-6 (2층) ,20150331,한식,장어구이,042 522 9252
105,문성회관,"대전광역시 중구 계백로1603번길 30 (유천동,(1층))",대전광역시 중구 유천동 204-9 (1층) ,20120328,한식,굴국밥,042 226 5292
106,당디숯불갈비,"대전광역시 중구 대둔산로 460 (산성동,, 144-10 (1층))","대전광역시 중구 산성동 144-9 , 144-10 (1층) ",20130626,한식,소고기,042 587 6769
107,삼일소고기국밥,"대전광역시 중구 계룡로 806 (오류동,,187-9,187-24(1층))","대전광역시 중구 오류동 187-8 ,187-9,187-24(1층) ",20140710,한식,소고기국밥,042 533 3198
108,복코찜이,"대전광역시 중구 대둔산로 247, 1층 (안영동)",대전광역시 중구 안영동 644-4 1층 ,20140408,분식,코다리찜,070 74504000
109,대관령축산정육식당,"대전광역시 중구 서문로 128, B동 2층 (문화동)","대전광역시 중구 문화동 311-12 ,311-58 B동(2층) ",20130327,한식,쇠고기,042 582 9992
110,대원칼국수,"대전광역시 중구 대종로 460, 1층 (대흥동)",대전광역시 중구 대흥동 158-2 (1층) ,20170405,분식,"칼국수, 수육",042  2220316
111,샤브향목동점,대전광역시 중구 동서대로 1397 (목동),대전광역시 중구 목동 4-11 (2층) ,20140408,한식,샤브샤브,042 222 1900
112,청와삼대,"대전광역시 중구 계룡로904번안길 6, 1층 (문화동)",대전광역시 중구 문화동 1-97 (1층) ,20170630,한식,"족발,보쌈",042 222 1440
113,다교네쭈꾸미세상,"대전광역시 중구 대종로505번길 33, 1층 (선화동)","대전광역시 중구 선화동 47-1 ,48-1(1층) ",20150630,한식,쭈꾸미볶음,042 221 0276
114,계룡산가마솥콩두부,"대전광역시 중구 용두로 17-1, 1층 (용두동)",대전광역시 중구 용두동 31-14 1층 ,20170927,한식,청국장,042 538 3131
115,쿠우쿠우대전점,"대전광역시 중구 중앙로156번길 16, 6층 (은행동, 앤비)",대전광역시 중구 은행동 143-1 앤비 ,20161227,일식,"초밥, 스시",042 253 5500
116,두꺼비만두전골칼국수,"대전광역시 중구 대흥로 139, 1층 (대흥동)",대전광역시 중구 대흥동 175 1층 ,20161006,분식,만두전골, 042 2852222
117,밀당가야밀면짬뽕,"대전광역시 중구 유천로 59-1, 1층 (유천동)",대전광역시 중구 유천동 210-10 1층 ,20171220,분식,"밀면,짬뽕", 042 5319279
118,24시생고기김치찌개전문점,"대전광역시 중구 태평로 80, 1층 (태평동)",대전광역시 중구 태평동 383-1 1층 ,20171220,한식,김치찌개, 042535 8882
119,오가네대구왕뽈떼기,"대전광역시 중구 유천로102번길 18, 2층 (유천동)",대전광역시 중구 유천동 200-12 2층 ,20171220,한식,"뽈떼기찜,탕",042 347 5959
120,충무할매낙지볶음,"대전광역시 서구 도산로 340, 1층 (용문동)",대전광역시 서구 용문동 277-4 1층 ,20121221,한식,낙지볶음, 042 5319348
121,정림가든,대전광역시 서구 혜천로 20 (정림동),대전광역시 서구 정림동 8-4 ,20130722,한식,"오리전골, 장어", 042 5838600
122,대성콩국수,"대전광역시 서구 도산로 141, 1,2층 (도마동)",대전광역시 서구 도마동 67-36 ,20161014,한식,콩국수,042 533 4586
123,돈수원갈비,대전광역시 서구 도산로 103 (도마동),대전광역시 서구 도마동 100-15 ,20051007,한식,돼지갈비,042 525 9209
124,한마음면옥식당,대전광역시 서구 사마1길 22 (도마동),대전광역시 서구 도마동 101-6 ,20021004,분식,냉면, 042 5360408
125,이모네감자탕,대전광역시 서구 도솔로 135 (도마동),대전광역시 서구 도마동 34-44 ,20150327,한식,감자탕, 042 5229781
126,구봉농장식당,대전광역시 서구 계백로776번길 134 (관저동),대전광역시 서구 관저동 833 ,20070813,한식,멧돼지숯불구이, 042 5453000
127,그림같은집,대전광역시 서구 배재로91번길 51-2 (도마동),대전광역시 서구 도마동 328-20 ,20160711,한식,백반, 042 5348953
128,도시애바다,대전광역시 서구 신갈마로 171 (갈마동),대전광역시 서구 갈마동 337-14 ,20081229,한식,옻닭, 042 5339189
129,정림일식,"대전광역시 서구 정림로 78-14, 1층 (정림동)",대전광역시 서구 정림동 514 1층 ,20111114,일식,활어회, 042 5855335
130,새벽김밥,"대전광역시 서구 계백로 1166-18 (가수원동,1층)",대전광역시 서구 가수원동 767-2 1층 ,20070425,한식,김밥, 042 5419977
131,객잔,"대전광역시 서구 복수동로51번길 58 (복수동,(1층))",대전광역시 서구 복수동 644 (1층) ,20081229,중식,홍합짬뽕,042 584 8700
132,흑산도회,대전광역시 서구 대덕대로335번길 23 (월평동),대전광역시 서구 월평동 227 ,20041001,일식,활어회, 042 4845587
133,2002돼지마을식당,"대전광역시 서구 괴정로 181 (용문동,1층)",대전광역시 서구 용문동 280-79 1층 ,20070425,한식,삼겹살, 042 5223435
134,농도원생고기,대전광역시 서구 조달청길 55 (도마동),대전광역시 서구 도마동 63-26 ,19980608,한식,돼지생고기, 042 5225070
135,바다회상(판옥선),"대전광역시 서구 청사로 220, 2층 (둔산동)",대전광역시 서구 둔산동 917 2층 ,20081229,일식,활어회, 042 4802697
136,둔산돌구이,"대전광역시 서구 둔산중로58번길 49 (둔산동,(2층))",대전광역시 서구 둔산동 1485 (2층) ,20091015,한식,삼겹살, 042 4851400
137,동천홍식당,대전광역시 서구 청사로123번길 25 (월평동),대전광역시 서구 월평동 279 ,20061016,중식,"짬뽕, 탕수육", 042 4826267
138,해미락,대전광역시 서구 월평로 25 (월평동),대전광역시 서구 월평동 332 ,20061016,일식,모듬회, 042 4880033
139,원조풍원안창,대전광역시 서구 계룡로509번길 27 (탄방동),대전광역시 서구 탄방동 615 ,19980206,한식,안창구이, 042 4872552
140,태원,"대전광역시 서구 문정로 19 (둔산동,(1,2,3층))","대전광역시 서구 둔산동 1242 (1,2,3층) ",20030630,중식,"짜장면,탕수육", 042 4888836
141,황토방숯불갈비,"대전광역시 서구 괴정로 27, 1층 (갈마동)",대전광역시 서구 갈마동 1377 ,20061016,한식,삼겹살, 042 5239901
142,호두나무집식당,"대전광역시 서구 둔산중로64번길 32, 3층 (둔산동)",대전광역시 서구 둔산동 1468 ,20090729,한식,오리동충앞탕,
143,귀빈돌솥밥식당,"대전광역시 서구 만년로68번길 21 (만년동,(1,2,3층))","대전광역시 서구 만년동 349 (1,2,3층) ",20030929,한식,돌솥밥, 042 4883340
144,신수원숯불갈비식당,대전광역시 서구 도산로 15 (도마동),대전광역시 서구 도마동 180-12 ,20160711,한식,돼지갈비, 042 5841807
145,자유대반점,"대전광역시 서구 둔산로137번길 28, 3층 (둔산동)",대전광역시 서구 둔산동 1481 ,20000705,중식,"짜장면, 짬뽕", 042 4722924
146,신촌설렁탕,대전광역시 서구 대덕대로 390 (만년동),대전광역시 서구 만년동 291 ,20001209,한식,설렁탕, 042 4892322
147,정성생고깃간,대전광역시 서구 둔산중로32번길 25 (둔산동),대전광역시 서구 둔산동 1436 ,20091217,한식,쌉밥, 042 4772255
148,만다린식당,"대전광역시 서구 둔산로31번길 32 (둔산동,2층)",대전광역시 서구 둔산동 1009 2층 ,20090522,중식,"짜장,짬뽕", 042 4892060
149,황태칼국수,"대전광역시 서구 정림로10번길 15-22 (정림동,1층)",대전광역시 서구 정림동 665 1층 ,20071123,분식,황태칼국수, 042 5812580
150,띠울참숯석갈비,대전광역시 서구 계백로 1353 (도마동),대전광역시 서구 도마동 312-198 ,20060331,한식,석갈비, 042 5278818
151,홍능갈비찜,"대전광역시 서구 도산로 170, 1층 (변동)",대전광역시 서구 변동 62-2 1층 ,20140707,한식,갈비찜, 042 5339255
152,설악,"대전광역시 서구 둔산대로117번길 56, 2층 (만년동)",대전광역시 서구 만년동 385 ,20150703,한식,"칡냉면, 돼지갈비", 042 4895252
153,설천순대국밥,"대전광역시 서구 둔산로51번길 66, 1층 101호 (둔산동)",대전광역시 서구 둔산동 1353 1층 ,20161213,한식,순대국밥, 042 4824801
154,사리원면옥,"대전광역시 서구 둔산로31번길 77 (둔산동,(2층))",대전광역시 서구 둔산동 968 (2층) ,20070813,분식,"소불고기, 냉면", 042 4874209
155,맛청,대전광역시 서구 둔산로51번길 16 (둔산동),대전광역시 서구 둔산동 1281 ,20170713,일식,일식,042 487 2277
156,금평식당관저분점,"대전광역시 서구 관저중로96번길 42 (관저동,(1층))",대전광역시 서구 관저동 1056 (1층) ,20061228,한식,추어탕, 042 5459885
157,명옥헌삼대진곰탕,대전광역시 서구 도산로369번길 66 (괴정동),대전광역시 서구 괴정동 423-15 ,20120501,한식,곰탕,042 535 8809
158,그고깃집,대전광역시 서구 한밭대로707번길 27 (월평동),대전광역시 서구 월평동 289 ,20131230,한식,제주도 삼겹살, 042 4823087
159,거두리시래기감자탕,"대전광역시 서구 둔산대로117번길 29, 1층 (만년동)",대전광역시 서구 만년동 355 1층 ,20151230,한식,감자탕,042 488 4579
160,도가네장수촌,"대전광역시 서구 유등로 465, 2층 (가장동)",대전광역시 서구 가장동 17-29 2층 ,20090729,한식,"닭백숙, 오리백숙", 042 5315252
161,일정,대전광역시 서구 만년로67번길 18-9 (만년동),대전광역시 서구 만년동 323 ,20060706,한식,한정식,042 489 8877
162,어식백세,"대전광역시 서구 둔산로123번길 15 (둔산동,1층)",대전광역시 서구 둔산동 1410 1층 ,20081229,한식,생선구이, 042 4833007
163,목련관,대전광역시 서구 갈마로169번길 11 (괴정동),대전광역시 서구 괴정동 128-6 ,20030403,한식,한정식,042 536 0119
164,짬뽕지존,대전광역시 서구 둔산서로 13 (둔산동),대전광역시 서구 둔산동 1252 ,20161014,중식,짬뽕, 042 4895160
165,엑스포아구,대전광역시 서구 대덕대로234번길 29 (둔산동),대전광역시 서구 둔산동 1323 ,20030929,한식,"복,아구탕", 042 4718787
166,차이나공,"대전광역시 서구 둔산대로117번길 18, 1층 (만년동)",대전광역시 서구 만년동 376 ,20070813,중식,짜장면, 042 4866618
167,허가네본가,대전광역시 서구 갈마로 10 (갈마동),대전광역시 서구 갈마동 307-14 ,20060331,한식,돼지갈비, 042 5235269
168,한우돈숯불구이,"대전광역시 서구 둔산중로134번길 29, 2층 (둔산동)",대전광역시 서구 둔산동 924 2층 ,20081020,한식,생삼겹, 042 4823740
169,완도수산,대전광역시 서구 신갈마로 161 (갈마동),대전광역시 서구 갈마동 366-6 ,20061228,일식,생선회,042 537 8787
170,케이디(K.D)유통(정주는돼지),"대전광역시 서구 갈마로 138 (괴정동,1층)",대전광역시 서구 괴정동 413-2 1층 ,20090729,한식,제주흑돼지 앞다리살, 042 5217777
171,(유)아웃백스테이크하우스코리아둔산점,"대전광역시 서구 대덕대로 164, 1층 (갈마동)",대전광역시 서구 갈마동 1435 ,20070813,양식,스테이크, 042 5276171
172,연향,"대전광역시 서구 대덕대로220번길 32, 2층 (둔산동)",대전광역시 서구 둔산동 1285 ,20070813,한식,한정식, 042 4768800
173,후지산,"대전광역시 서구 둔산로137번길 21, 4층 (둔산동)",대전광역시 서구 둔산동 1469 4층 ,20080526,일식,활어회,042 471 6300
174,복수칼국수,"대전광역시 서구 복수중로 38, 목화(아) 유치원동 (복수동)",대전광역시 서구 복수동 274-1 목화(아) 유치원동 ,20040705,한식,칼국수,042 582 5234
175,금촌,대전광역시 서구 둔산중로134번길 39 (둔산동),대전광역시 서구 둔산동 925 ,20161014,한식,등심구이, 042 4823592
176,착한감자탕,"대전광역시 서구 도산로 292-2, 1층 (가장동)",대전광역시 서구 가장동 45-1 1층 ,20040705,한식,감자탕, 042 5335225
177,마늘장군보쌈,대전광역시 서구 도솔로 265-1 (내동),대전광역시 서구 내동 19-2 ,20150703,한식,마늘보쌈, 042 5264758
178,위아래복집,대전광역시 서구 한밭대로707번길 15 (월평동),대전광역시 서구 월평동 286 ,20080111,한식,복매운탕, 042 4831252
179,향우갈비촌,"대전광역시 서구 도마로 84, 1층 (도마동)",대전광역시 서구 도마동 74-10 1층 ,20051220,한식,돼지갈비,042 536 8867
180,뜨락비빔국수,"대전광역시 서구 계백로 1377 (도마동,1층)",대전광역시 서구 도마동 190-13 1층 ,20041210,분식,비빔국수,042 486 6565
181,을지식당가,"대전광역시 서구 둔산서로 95 (둔산동,지하1층)",대전광역시 서구 둔산동 1306 지하1층 ,20081020,한식,돌솥비빔밥, 042 4717038
182,5.5닭갈비본점,"대전광역시 서구 문정로 148, 2층 203호 (탄방동)",대전광역시 서구 탄방동 1034 ,20061016,한식,닭갈비, 042 4862315
183,장수골,"대전광역시 서구 계룡로500번길 88 (갈마동,1층)",대전광역시 서구 갈마동 1379 1층 ,20060331,한식,삼겹살, 042 5229211
184,천년의 정원,"대전광역시 서구 만년로67번길 18-13 (만년동,1,2층)","대전광역시 서구 만년동 322 1,2층 ",20051007,중식,중화요리, 042 4851797
185,왕가한정식,"대전광역시 서구 만년로68번길 45 (만년동,1층)",대전광역시 서구 만년동 362 1층 ,20051007,한식,한정식, 042 4896003
186,황제장어나라 내동점,"대전광역시 서구 도산로 245, 1층 (내동)",대전광역시 서구 내동 8-43 1층 ,20091015,한식,삽겹살구이,
187,씨제이푸드빌(주)빕스둔산점,"대전광역시 서구 대덕대로 243, 2층 (둔산동)",대전광역시 서구 둔산동 1026 광신빌딩 ,20091015,양식,"샐러드뷔페,스테이크", 042 4720997
188,본죽도마점,"대전광역시 서구 배재로 166 (도마동,1층)",대전광역시 서구 도마동 25-3 1층 ,20070425,한식,전복죽, 042 5241718
189,가마솥추어탕,"대전광역시 서구 계룡로571번길 23-13 (탄방동,1층)",대전광역시 서구 탄방동 687 1층 ,20061228,한식,추어탕,042 482 8118
190,추부추어탕,"대전광역시 서구 월평중로24번길 10, 1층 (월평동)",대전광역시 서구 월평동 531 1층 ,20060706,한식,추어탕,042 482 8897
191,금촌신관,"대전광역시 서구 둔산중로 138, 지하1층 (둔산동)",대전광역시 서구 둔산동 921 지하1층 ,20170713,한식,삼겹살구이,042 476 2567
192,우래정,"대전광역시 서구 도마5길 7 (도마동,1층)",대전광역시 서구 도마동 89-8 1층 ,20060331,한식,삼겹살, 042 5242210
193,곽만근갈비탕대전갈마점,"대전광역시 서구 계룡로 310, 1층 (갈마동)",대전광역시 서구 갈마동 274-2 1층 ,20121221,한식,갈비탕, 042 5223308
194,시골길,"대전광역시 서구 둔산로31번길 61 (둔산동,1층)",대전광역시 서구 둔산동 997 1층 ,20140404,한식,낙지볶음,042 487 6031
195,지리산산골농장,"대전광역시 서구 둔산남로105번길 15, 2층 (둔산동)",대전광역시 서구 둔산동 1433 2층 ,20140707,한식,삼겹살구이,042 472 0333
196,삼순이시골감자탕,"대전광역시 서구 복수동로 71 (복수동,1층)",대전광역시 서구 복수동 837 1층 ,20061016,한식,감자탕, 042 5869800
197,승인컴퍼니 주식회사,"대전광역시 서구 문정로 40 (탄방동,1,2층)","대전광역시 서구 탄방동 655 1,2층 ",20060706,일식,활어회,
198,새마을식당,"대전광역시 서구 둔산중로58번길 35 (둔산동,1층)",대전광역시 서구 둔산동 1461 1층 ,20091015,한식,육계장,
199,대관령양푼이동태찌개,"대전광역시 서구 변동로 110, 1층 일부호 (변동)",대전광역시 서구 변동 43-9 ,20061228,한식,동태찌개, 042 5367751
200,양평호성할매해장국,"대전광역시 서구 둔산북로 36, 1층 104,105호 (둔산동)",대전광역시 서구 둔산동 963 ,20170428,한식,해장국, 042 4837733
201,동방명주,"대전광역시 서구 문예로 15 (탄방동,301호)",대전광역시 서구 탄방동 732 301호 ,20061016,중식,사천탕면, 042 4863888
202,황토우렁쌈밥,"대전광역시 서구 대덕대로234번길 29 (둔산동,1층(103호))",대전광역시 서구 둔산동 1323 1층(103호) ,20140404,한식,쌈밥,
203,본가옥해장국,"대전광역시 서구 동서대로 1052 (변동,1층)",대전광역시 서구 변동 70-38 1층 ,20070425,한식,해장국,042 523 9343
204,화평동왕냉면,"대전광역시 서구 동서대로 954 (내동,1층)",대전광역시 서구 내동 152-1 1층 ,20070813,한식,돼지갈비, 042 5349255
205,청사참치,"대전광역시 서구 둔산중로134번길 29 (둔산동,201호)",대전광역시 서구 둔산동 924 201호 ,20080526,일식,참치회,042 471 9955
206,영희네매운갈비찜,"대전광역시 서구 신갈마로 156-12, 1층 (갈마동)",대전광역시 서구 갈마동 378-31 ,20141223,한식,갈비찜,070 81250928
207,해동토종칼국수족발,"대전광역시 서구 도림4길 52, 1층2층 (도마동)",대전광역시 서구 도마동 565-70 ,20131014,분식,칼국수, 042 5379110
208,춘천고려닭갈비,"대전광역시 서구 도산로 270 (가장동,1층)",대전광역시 서구 가장동 39-1 1층 ,20090729,한식,닭갈비, 042 5328555
209,5.5춘천닭갈비가장점,"대전광역시 서구 가장로 83-3 (괴정동,1층)",대전광역시 서구 괴정동 84-51 1층 ,20120501,한식,닭갈비, 042 5315155
210,영천식육식당,"대전광역시 서구 둔산중로46번길 22 (둔산동,1층)",대전광역시 서구 둔산동 1448 1층 ,20081020,한식,등심구이, 042 4713399
211,고향흑염소,대전광역시 서구 도솔로 88 (도마동),대전광역시 서구 도마동 107-29 ,20081020,한식,흑염소 전골, 042 5283025
212,금강왕생삼겹,"대전광역시 서구 둔산대로117번길 95 (만년동,리더스타운 C동 1층)",대전광역시 서구 만년동 308 리더스타운 C동 1층 ,20080111,한식,생삼겹,042 486 1922
213,한경희개성만두,"대전광역시 서구 신갈마로 15, 1층 (내동)",대전광역시 서구 내동 152-6 ,20090729,한식,만두전골,042 527 7799
214,강남면옥,"대전광역시 서구 둔산로123번길 15 (둔산동,1층)",대전광역시 서구 둔산동 1410 1층 ,20090729,한식,"갈비탕,냉면", 042 4729996
215,금래원,"대전광역시 서구 배재로91번길 34, 1층 (도마동)",대전광역시 서구 도마동 329-1 1층 ,20161213,중식,짜장면, 042 5313373
216,립스틱해물뚝배기,"대전광역시 서구 둔산대로117번길 95, B동 101호 (만년동)",대전광역시 서구 만년동 306 B동 101호,20081229,한식,해물찜,042 483 8877
217,초원본가,"대전광역시 서구 계룡로571번길 23-15 (탄방동,1층)",대전광역시 서구 탄방동 687-1 1층 ,20091015,한식,등심구이, 042 4881667
218,정일품두손두부,"대전광역시 서구 둔산대로117번길 34, 1층 (만년동)",대전광역시 서구 만년동 380 ,20170713,한식,두부,042 484 8004
219,도솔촌,"대전광역시 서구 배재로 78 (도마동,102호)",대전광역시 서구 도마동 335-35 102호 ,20131230,한식,닭백숙,042 527 8787
220,(주)인디,"대전광역시 서구 대덕대로 246 (둔산동,B동 102호)",대전광역시 서구 둔산동 1369 B동 102호 ,20091217,기타,커리,042 471 7052
221,크래버 대게나라,"대전광역시 서구 둔산서로 17 (둔산동,(1층))",대전광역시 서구 둔산동 1254 (1층) ,20140404,한식,대게찜,042 477 1002
222,만년애한우바보곰탕,"대전광역시 서구 둔산대로117번길 95 (만년동,리더스타운 A동 201호)",대전광역시 서구 만년동 306 리더스타운 A동 201호 ,20091015,한식,곰탕,042  4884292
223,장수촌버섯이야기,"대전광역시 서구 도산로 262 (가장동,(1층))",대전광역시 서구 가장동 39-40 (1층) ,20090729,한식,동충하초샤브샤브,042 524 2798
224,총체보리한우타운,"대전광역시 서구 만년로 80 (만년동,(1층))",대전광역시 서구 만년동 343 (1층) ,20150327,한식,한우구이,042 482 0985
225,토담낙지한마당,"대전광역시 서구 둔산로123번길 28 (둔산동,(1층))",대전광역시 서구 둔산동 1474 (1층) ,20110429,한식,낙지볶음,042 489 5330
226,제주유기농쌈밥촌,"대전광역시 서구 복수남로 17 (복수동,(1층))",대전광역시 서구 복수동 841 (1층) ,20091217,한식,쌈밥,042 583 7707
227,허허감자탕,"대전광역시 서구 도솔로305번길 64 (괴정동,(1층))",대전광역시 서구 괴정동 116-25 (1층) ,20161014,한식,감자탕,042 537 3889
228,백마강숯불민물장어,"대전광역시 서구 변동중로 67 (변동,외3필지 (1층))",대전광역시 서구 변동 71-6 외3필지 (1층) ,20111114,한식,장어구이,042 526 1881
229,수복삼계탕,"대전광역시 서구 둔산중로 66 (둔산동,(매트로팰리스 109,110호))","대전광역시 서구 둔산동 1405 (매트로팰리스 109,110호) ",20110429,한식,삼계탕,042 489 8233
230,갈비가,"대전광역시 서구 유등로65번길 13 (복수동,(1층))",대전광역시 서구 복수동 694 (1층) ,20100722,한식,소고기 구이,042 585 8388
231,명품묵은정,"대전광역시 서구 둔산로74번길 25, 1층 (둔산동)",대전광역시 서구 둔산동 1209 1층 ,20150327,한식,묵은지찜,042 472 3921
232,심청아배고파,"대전광역시 서구 도솔로 78, 1층 (도마동)",대전광역시 서구 도마동 106-14 1층 ,20101104,한식,삼겹살,042 522 7792
233,엘에이농장,"대전광역시 서구 둔산로137번길 17 (둔산동,(1층))",대전광역시 서구 둔산동 1460 (1층) ,20160711,한식,소갈비,042 482 9291
234,500돈,"대전광역시 서구 둔산남로105번길 18 (둔산동,(1,2층))","대전광역시 서구 둔산동 1492 (1,2층) ",20150327,한식,삼겹살,042 483 5641
235,샤브향관저점,"대전광역시 서구 구봉로131번길 38 (관저동,(2층203,204,205호))","대전광역시 서구 관저동 1518 (2층203,204,205호) ",20111223,한식,샤브샤브,042 542 9914
236,오지다다복수육국밥,"대전광역시 서구 월평북로 89 (월평동,(1층))",대전광역시 서구 월평동 239 (1층) ,20120501,한식,콩나물해장국,042 472 7888
237,쌈채우리,"대전광역시 서구 대덕대로176번길 51 (둔산동,(지하1층))",대전광역시 서구 둔산동 1133 (지하1층) ,20131014,한식,쌈밥,042 488 9991
238,쌍둥이수육국밥,"대전광역시 서구 청사서로 8 (월평동,(1층))",대전광역시 서구 월평동 297 (1층) ,20130722,한식,수육국밥,042 472 1420
239,일등석갈비,"대전광역시 서구 둔산대로117번길 17 (만년동,(3층))",대전광역시 서구 만년동 358 (3층) ,20121221,한식,석갈비,042 625 0620
240,온누리샤브샤브,"대전광역시 서구 동서대로 1147, 1층 (가장동)",대전광역시 서구 가장동 32-23 1층 ,20170707,한식,샤브샤브,042 534 5292
241,쌈꾼,"대전광역시 서구 변동로 110, 1층 (변동)",대전광역시 서구 변동 43-9 1층 ,20130722,한식,"김치찌개,삼겹살",042 523 3393
242,여자만장어구이,"대전광역시 서구 만년로68번길 38, 1층 (만년동)",대전광역시 서구 만년동 367 ,20131230,한식,장어구이,042 486 6687
243,손수차림,"대전광역시 서구 신갈마로 3, 1층 (내동)",대전광역시 서구 내동 152-26 1층 ,20130430,한식,숯불구이,042 525 3338
244,베스타까르르스타,"대전광역시 서구 만년로 70, 9~11층 (만년동)",대전광역시 서구 만년동 339 ,20130722,뷔페,뷔페,042  4873366
245,토종칼국수,"대전광역시 서구 신갈마로 172, 2층 (갈마동)",대전광역시 서구 갈마동 338-7 ,20130722,분식,냉채족발,042 535 9055
246,김삿갓,"대전광역시 서구 둔산남로105번길 28, 1층 (둔산동)",대전광역시 서구 둔산동 1489 1층 ,20170428,한식,"족발, 보쌈",042 489 0080
247,로보쿡둔산점,"대전광역시 서구 둔산로 15, 1층,지하1층 (둔산동)","대전광역시 서구 둔산동 970 (1층,지하1층) ",20141223,양식,화덕피자,042 471 5009
248,하늘한식부페,"대전광역시 서구 둔산중로 54, 15층 (둔산동)",대전광역시 서구 둔산동 1412 ,20141013,한식,부페,042 485 5577
249,경복궁앤삿뽀로,"대전광역시 서구 대덕대로 366, 2층 (만년동)",대전광역시 서구 만년동 282 2층 ,20170428,한식,등심구이,042 482 7766
250,구룡포자연산막회,"대전광역시 서구 청사로123번길 11, 2층 (월평동)",대전광역시 서구 월평동 275 2층 ,20141013,일식,자연산막회,042 221 1880
251,소나무풍경,"대전광역시 서구 괴정로116번길 42, 1층 (괴정동)",대전광역시 서구 괴정동 85-2 1층 ,20171030,한식,곰탕,042 525 9925
252,양지식당,대전광역시 서구 갈마로 46 (갈마동),대전광역시 서구 갈마동 363-5 ,20160324,한식,삼겹살,042 527 2238
253,착한낙지 정림점,"대전광역시 서구 계백로 1269, 1층 (정림동)",대전광역시 서구 정림동 267 1층 ,20141223,한식,"낙지볶음, 연포탕",042 536 0076
254,스시오니,"대전광역시 서구 대덕대로234번길 46, 1층 (둔산동)",대전광역시 서구 둔산동 1309 1층 ,20151020,일식,활어회,042 472 3355
255,구르메,"대전광역시 서구 둔산대로117번길 22, 2층 (만년동)",대전광역시 서구 만년동 377 2층 ,20150327,한식,한정식,042 472 0776
256,갑부본가,"대전광역시 서구 계백로 1145, 좋은빌딩 1층 101,102,103호 (가수원동)",대전광역시 서구 가수원동 1051 좋은빌딩 ,20150703,한식,석갈비,042 538 1800
257,보성이네생삼겹살전문점,"대전광역시 서구 용소로12번길 6-11, 1층 (가수원동)",대전광역시 서구 가수원동 921 1층 ,20170428,한식,삼겹살,042 546 7892
258,진성아구찜,대전광역시 서구 도안동로31번길 20-16 (가수원동),대전광역시 서구 가수원동 932 ,20151020,한식,아구찜,042 541 3940
259,대대로감자탕,"대전광역시 서구 둔산중로134번길 21, 1층 110호 (둔산동)",대전광역시 서구 둔산동 923 ,20150703,한식,감자탕,042 482 6767
260,참맛있는칼국수,"대전광역시 서구 청사서로54번길 17, 2층 (월평동, 2층일부)",대전광역시 서구 월평동 229 ,20151230,한식,칼국수,042 483 9259
261,추성순대족발,"대전광역시 서구 둔산중로134번길 39, 1층 108호 (둔산동)",대전광역시 서구 둔산동 925 ,20151230,한식,순대국밥,042 824 2620
262,시온성,"대전광역시 서구 구봉산북로280번길 12, 1층 (관저동)",대전광역시 서구 관저동 1613-1 ,20161014,중식,짜장면,042 541 1700
263,토종칼국수 복수점,"대전광역시 서구 복수남로 6, 1층 (복수동, 1층일부)",대전광역시 서구 복수동 729 ,20170428,한식,칼국수,042 581 5662
264,까치돌구이,"대전광역시 서구 문정로89번길 32, 1층 (탄방동, 1층일부)",대전광역시 서구 탄방동 733 ,20160324,한식,삼겹살,042 472 0492
265,오가네대구왕뽈떼기,"대전광역시 서구 갈마로 36, 1층 (갈마동)",대전광역시 서구 갈마동 338-3 ,20161213,한식,대구뽈찜,042 526 3007
266,한우전문점 눈꽃,"대전광역시 서구 둔산남로 100, 8층 (탄방동)",대전광역시 서구 탄방동 724 ,20171226,한식,등심구이,042 485 7796
267,(주)유성컨트리클럽본관식당,대전광역시 유성구 현충원로 200 (덕명동),대전광역시 유성구 덕명동 215-7 ,20040901,,전골, 042 8227103
268,숯골원조냉면식당,대전광역시 유성구 신성로 122 (신성동),대전광역시 유성구 신성동 166-1 ,20110405,,"냉면,백숙", 042 8616730
269,유성삼겹살,대전광역시 유성구 계룡로59번길 9 (봉명동),대전광역시 유성구 봉명동 469-30 ,20040901,,불고기류전문, 042 8235222
270,연래춘대반점식당,대전광역시 유성구 대학로 78 (궁동),대전광역시 유성구 궁동 482-8 외 1필지 ,20040901,,중국음식(자장면등), 042 8251177
271,삼복가든,"대전광역시 유성구 온천서로 32-18, 지상1층 (봉명동)",대전광역시 유성구 봉명동 440-18 ,20130429,한식,"생갈비,생등심",042 822 5949
272,나들이 일식,"대전광역시 유성구 온천로 44, 지상2층 (봉명동)",대전광역시 유성구 봉명동 551-2 지상2층 ,20111227,,"생선회,참치", 042 8255548
273,장수진곰탕,"대전광역시 유성구 온천서로 26, 지상1층 (봉명동)",대전광역시 유성구 봉명동 441-14 ,20130429,한식,곰탕,042 822 3131
274,임진강장어,"대전광역시 유성구 문화원로 143, 지상1층 (봉명동)",대전광역시 유성구 봉명동 666-2 지상1층 ,20090929,,장어구이,042  8259200
275,미소정,대전광역시 유성구 노은서로142번길 47 (지족동),대전광역시 유성구 지족동 887 ,20040901,,"쭈꾸미양념구이, 우렁쌈밥, 돼지갈비", 042477 0933
276,김영희 강남동태찜,"대전광역시 유성구 은구비로 2, 1층 (지족동)",대전광역시 유성구 지족동 884-1 ,20040901,,"동태찜,탕", 042 4778063
277,식후경,대전광역시 유성구 북유성대로 393 (외삼동),대전광역시 유성구 외삼동 334 ,20050411,,"석갈비, 훈제오리", 042 8245656
278,화평동 왕냉면,대전광역시 유성구 문화원로 124 (봉명동),대전광역시 유성구 봉명동 642-1 ,20080717,,"돼지갈비,냉면", 042 8230071
279,어수사일식,"대전광역시 유성구 온천로 22, 지상1층 (봉명동)",대전광역시 유성구 봉명동 445-3 1층 ,20051004,,"생선회,초밥",042 825 4949
280,채울,대전광역시 유성구 진잠로78번길 48 (원내동),대전광역시 유성구 원내동 309-4 ,20050701,,감자탕, 042 5425533
281,대전맛집 풍국면 봉명점,"대전광역시 유성구 온천동로65번길 39, 지상1층 101,102,103호 (봉명동, 노블레스투)","대전광역시 유성구 봉명동 692-1 노블레스투 1층 101,102,103호 ",20160406,한식,간장게장,042 826 4640
282,고려한방삼계탕,"대전광역시 유성구 문화원로14번길 42, 지상1층 (장대동)",대전광역시 유성구 장대동 360-10 1층 ,20080717,,삼계탕,042 823 2330
283,도안동감나무집(관평점),"대전광역시 유성구 테크노중앙로 54, 지상2층 201,202호 (관평동)","대전광역시 유성구 관평동 943 외 1필지 지상2층 201,202호",20121025,,"오리수육, 누룽지백숙",042 935 3350
284,외양간 암돼지,"대전광역시 유성구 문화원로10번길 2, 지상1층 101호 (장대동)",대전광역시 유성구 장대동 356-23 지상1층 101호 ,20151216,육류,소고기 구이, 042 8252860
285,살루떼,"대전광역시 유성구 엑스포로 240, 1층 (원촌동)",대전광역시 유성구 원촌동 48-2 1층 ,20111004,경양식,"스테이크,스파게티",042 862 0052
286,리원,"대전광역시 유성구 테크노중앙로 155 (용산동, 테크노피아 2층 201~204 3층 301~304)",대전광역시 유성구 용산동 575 테크노피아 2층 201~204 3층 301~304 ,20091216,,중국요리,042 671 8888
287,송정설렁탕,"대전광역시 유성구 온천로 53, 지상1층 102호,103호 (봉명동)","대전광역시 유성구 봉명동 537-6 대양오피스텔 지상1층 102호,103호 ",20170629,한식,설렁탕,042 826 1228
288,토종칼국수,"대전광역시 유성구 노은서로 61, 지상1층 (노은동)",대전광역시 유성구 노은동 564-5 1층 ,20091216,,칼국수,042 822 1118
289,띠울석갈비(테크노점),"대전광역시 유성구 테크노4로 57, 지상1층 (관평동)",대전광역시 유성구 관평동 748 지상1층 ,20100408,,"석갈비,갈비탕",042 935 3535
290,예가,"대전광역시 유성구 은구비로 8, 지상1층 (지족동)",대전광역시 유성구 지족동 884-3 1층 ,20120717,한식,석갈비, 042 8255370
291,샤브향 관평점,"대전광역시 유성구 테크노중앙로 55, 지상1층 102호 (관평동, 에이스타워)",대전광역시 유성구 관평동 798 에이스타워 1층 102호,20111004,한식,"월남쌈,샤브샤브",042 936 9233
292,옛날숯불갈비,"대전광역시 유성구 계룡로74번길 13-7, 지상1층 (봉명동)",대전광역시 유성구 봉명동 447-10 1층 ,20110719,,"소갈비,돼지갈비", 042 8227055
293,인디,"대전광역시 유성구 테크노중앙로 32, 지상2층 202,203호 (관평동)","대전광역시 유성구 관평동 806 2층 202,203호 ",20110405,,"인도요리(커리,탄두리)", 042 4717052
294,동두천철판부대찌개,"대전광역시 유성구 반석동로34번길 39, 지상1층 (반석동)",대전광역시 유성구 반석동 644-8 지상1층 ,20160406,한식,부대찌개,042 826 6071
295,오시오칼국수,"대전광역시 유성구 노은로410번길 8 (하기동,지상1층1동)",대전광역시 유성구 하기동 345-1 지상1층1동 ,20111004,분식,칼국수,042 822 1016
296,착한낙지,"대전광역시 유성구 유성대로654번길 22, 지상1층 (구암동)",대전광역시 유성구 구암동 624-1 1층 ,20120717,한식,낙지요리,042 822 5480
297,박가원옻닭,"대전광역시 유성구 대학로76번안길 62, 지상1층 (궁동)",대전광역시 유성구 궁동 490-11 ,20131023,한식,"돌솥밥,포천이동갈비",042  4722388
298,샤브향(노은점),"대전광역시 유성구 노은로 71, 지상1층 101호 (노은동, 노은스타돔아파트)",대전광역시 유성구 노은동 553-8 노은스타돔아파트 지상1층 101호,20121025,,월남썀샤브,042 256 2002
299,라마띠네,"대전광역시 유성구 유성대로1689번길 69, 지상1층 (전민동)",대전광역시 유성구 전민동 460 지상1층 ,20130719,한식,"고추장양념구이,한방오리백숙",042 865 3111
300,원조쌈밥 대전유성점,"대전광역시 유성구 상대동로2번길 65, 지상1층 (상대동)",대전광역시 유성구 상대동 477-1 지상1층 ,20141127,한식,쌈밥,042 825 3534
301,더함뜰,"대전광역시 유성구 동서대로 181, 1층 (덕명동)",대전광역시 유성구 덕명동 171-13 1층 ,20140703,한식,"한정식, 돼지갈비",042 823 9293
302,제주유기농쌈밥촌(본점),"대전광역시 유성구 진잠로150번길 75, 지상1층 (원내동)",대전광역시 유성구 원내동 228-1 지상1층 ,20140930,한식,유기농쌈밥,042 541 8834
303,라라코스트(관평점),"대전광역시 유성구 관평2로 32, 지상2층 (관평동)",대전광역시 유성구 관평동 923 지상2층 ,20150630,양식,"파스타, 화덕피자",070 82483230
304,한마음면옥,"대전광역시 유성구 학하서로77번길 17, 지상1층 (계산동)",대전광역시 유성구 계산동 711-3 지상1층 ,20140930,한식,냉면,042 822 0159
305,춘수사,"대전광역시 유성구 온천북로33번길 21-8, 지상2층 (봉명동)",대전광역시 유성구 봉명동 630-4 지상2층 ,20141127,일식,"생선회,초밥",042 825 9033
306,하누정,"대전광역시 유성구 월드컵대로308번길 21-10, 지상1층 (상대동)",대전광역시 유성구 상대동 453-3 지상1층 ,20161011,한식,"등심, 안창",042 823 3337
307,유성봉명한우,"대전광역시 유성구 계룡로74번길 55, 지상2층 (봉명동)",대전광역시 유성구 봉명동 556-21 지상2층 ,20150925,한식,한우모듬,042 822 7176
308,늘봄한우,"대전광역시 유성구 문화원로 129, 지상1층 102호 (봉명동)",대전광역시 유성구 봉명동 662-5 봉명매드진빌딩 지상1층 102호 ,20150925,한식,소고기모듬,042 825 3092
309,기린더매운갈비찜,"대전광역시 유성구 봉명서로 51-10, 지상1층 (봉명동)",대전광역시 유성구 봉명동 1031-7 지상1층 ,20161011,한식,돼지갈비찜,042 824 9778
310,유생촌,"대전광역시 유성구 엑스포로 240, 지상1층 (원촌동)",대전광역시 유성구 원촌동 48-2 지상1층 ,20161011,한식,돈가스,042 864 3200
311,교동면옥 대전구암점,"대전광역시 유성구 월드컵대로 289, 지상2층 (구암동)",대전광역시 유성구 구암동 620-5 지상2층 ,20160406,한식,돼지갈비,042 822 9291
312,영화반점,"대전광역시 대덕구 신탄진동로23번길 46 (신탄진동,(1층))",대전광역시 대덕구 신탄진동 139-17 (1층) ,20081231,중식,"탕수육,삼선짜장", 042931 4158
313,이가촌,대전광역시 대덕구 아리랑로 141 (읍내동),대전광역시 대덕구 읍내동 360-3 ,19940615,,삼겹살, 042 6313900
314,순민물장어구이식당,대전광역시 대덕구 신탄진동로24번길 9 (신탄진동),대전광역시 대덕구 신탄진동 156-7 ,20111228,한식,장어구이, 042 9321946
315,황해면옥식당,대전광역시 대덕구 한남로149번길 1 (오정동),대전광역시 대덕구 오정동 490-1 ,20010404,,돼지갈비, 042 6257798
316,구미횟집,대전광역시 대덕구 신탄진동로 60 (신탄진동),대전광역시 대덕구 신탄진동 150-2 ,20140711,생선회,활어회, 042 9325912
317,꽃돼지하우스식당,대전광역시 대덕구 덕암북로72번길 30 (덕암동),대전광역시 대덕구 덕암동 11-6 ,20040408,한식,생삼겹살, 042 9333710
318,옥순네추어칼국수,"대전광역시 대덕구 송촌남로 21-1, 1층 (송촌동)",대전광역시 대덕구 송촌동 246-12 ,20091230,,"추어칼국수, 추어탕", 042 6327640
319,장수촌식당,"대전광역시 대덕구 신탄진로 512, 1층 (상서동)","대전광역시 대덕구 상서동 349-1 ,3,13,396-1,8(1층) ",20080407,,"누룽지삼계탕, 쟁반막국수",042 934 7510
320,갈밭식당,대전광역시 대덕구 대청호수로 1553 (갈전동),대전광역시 대덕구 갈전동 238-8 ,20020415,,매운탕, 042 9323872
321,임단아갈비탕전문점,"대전광역시 대덕구 신탄진동로 13, 1층 (신탄진동)","대전광역시 대덕구 신탄진동 154-5 ,29 ",19991206,,갈비탕,042 935 2837
322,설악칡냉면,대전광역시 대덕구 덕암북로58번길 7 (덕암동),대전광역시 대덕구 덕암동 9-7 ,20080707,,"칡냉면, 돼지갈비, 갈비탕",042 933 5252
323,이조갈비식당,대전광역시 대덕구 신탄진동로23번길 51 (신탄진동),대전광역시 대덕구 신탄진동 141-6 ,20081230,,"돼지갈비,삼겹살", 042 9329050
324,설악추어탕식당,"대전광역시 대덕구 대덕대로1458번길 8, 1층 (목상동)",대전광역시 대덕구 목상동 147-2 (1층) ,20070702,한식,추어탕, 042 9324466
325,늘봄식당,대전광역시 대덕구 신탄진동로 38-1 (신탄진동),대전광역시 대덕구 신탄진동 160-2 ,20081230,,"차돌박이,돼지갈비", 042 9327282
326,콩마니손두부,"대전광역시 대덕구 동춘당로44번길 12, 1층 (송촌동)",대전광역시 대덕구 송촌동 504-5 (1층) ,20100705,,"손두부,두부전골,청국장",042 626 5288
327,신모란식당,대전광역시 대덕구 석봉로44번길 39 (석봉동),대전광역시 대덕구 석봉동 180-17 ,20020415,,삼겹살, 042 9320325
328,홍콩삼겹살식당,대전광역시 대덕구 계족산로81번길 11 (송촌동),대전광역시 대덕구 송촌동 475-4 ,20060925,,생삼겹살, 042 6286755
329,리에또식당,대전광역시 대덕구 선비마을로6번길 29 (송촌동),대전광역시 대덕구 송촌동 551-5 ,20080707,,"치킨스테이크, 해물스파케티, 고구마피자",6387060
330,나래원식당,"대전광역시 대덕구 비래동로16번길 13, 1층 (비래동)",대전광역시 대덕구 비래동 139-10 (1층) ,20110404,한식,"달볶음탕, 안동찜닭",042 252 0838
331,혜성옥,대전광역시 대덕구 한밭대로 1147 (중리동),대전광역시 대덕구 중리동 410-3 ,20030414,,돌솥설렁탕,042 673 4895
332,월산본가,"대전광역시 대덕구 계족산로81번길 87, 2층 (송촌동)",대전광역시 대덕구 송촌동 449-4 (2층) ,20150923,한식,"갈비탕, 석갈비", 042 6216500
333,청주남주동해장국식당,대전광역시 대덕구 대덕대로1458번길 9 (목상동),대전광역시 대덕구 목상동 148-4 ,20040408,,해장국, 042 9359575
334,광천순대대덕점,"대전광역시 대덕구 한남로137번길 31, 1층 (오정동)",대전광역시 대덕구 오정동 489-22 (1층) ,20161014,한식,순대국밥,042 625 7875
335,푸짐한활어회본점식당,대전광역시 대덕구 송촌남로56번길 1 (송촌동),대전광역시 대덕구 송촌동 292-1 ,20060630,,활어회,042 626 8008
336,구구전복삼계탕,"대전광역시 대덕구 비래서로81번길 2, 1층 (비래동)",대전광역시 대덕구 비래동 151-13 (1층) ,20150713,한식,삼계탕, 042 6239952
337,신탄면옥,대전광역시 대덕구 덕암북로104번길 74 (덕암동),대전광역시 대덕구 덕암동 48-10 ,20150818,한식,"돼지갈비, 냉면", 042 9358288
338,더원막창,"대전광역시 대덕구 한밭대로 1144, 1층 (중리동)",대전광역시 대덕구 중리동 236-6 (1층) ,20060925,한식,"소막창, 돼지막창",042 621 1992
339,조선화로집 송촌점,"대전광역시 대덕구 동춘당로 79, 1층 (송촌동)",대전광역시 대덕구 송촌동 477-1 (1층) ,20140410,식육취급,갈비,042 632 9295
340,소륜소반,"대전광역시 대덕구 대전로 1394, 1층 (읍내동)",대전광역시 대덕구 읍내동 248-6 외 3필지(1층) ,20150923,한식,감자탕,042 637 6601
341,일미구이식당,대전광역시 대덕구 중리로 14 (중리동),대전광역시 대덕구 중리동 411-2 ,20151217,한식,돼지양념갈비,042 672 4288
342,읍내동풍천민물장어,"대전광역시 대덕구 계족로 760, 2층 (읍내동)",대전광역시 대덕구 읍내동 573-1 (2층) ,20161014,한식,장어구이,042 627 8899
343,신탄장어가참숯구이,"대전광역시 대덕구 신탄진로790번길 28, 1층 (신탄진동)",대전광역시 대덕구 신탄진동 154-6 (1층) ,20071023,한식,장어구이,042 933 5344
344,대복삼겹신탄진점,"대전광역시 대덕구 신탄진동로23번길 52 (신탄진동,(1층))",대전광역시 대덕구 신탄진동 139-1 (1층) ,20081230,한식,대패삼겹살,042 931 9288
345,코다리밥상,"대전광역시 대덕구 송촌북로36번길 24, 2층 (송촌동)",대전광역시 대덕구 송촌동 450-5 (2층) ,20161014,한식,명태찜,042 624 0300
346,꽁뚜식당,"대전광역시 대덕구 신탄진로36번길 111, 2.3층 (연축동)","대전광역시 대덕구 연축동 69-5 ,12(2,3층) ",20081009,,북경오리,042 483 9999
347,개성집,"대전광역시 대덕구 계족산로81번길 102, 1층 (송촌동)",대전광역시 대덕구 송촌동 447-2 1층 ,20161215,한식,"명태문어조림,명태단호박갈비조림",042 638 6678
348,원조설악추어탕식당,"대전광역시 대덕구 덕암북로48번길 9, 1층 (덕암동)",대전광역시 대덕구 덕암동 8-15 1층 ,20170410,한식,추어탕,042 932 7000
349,이순신소국밥송촌점,"대전광역시 대덕구 동춘당로 79, 1층 (송촌동)",대전광역시 대덕구 송촌동 477-1 (1층) ,20091005,한식,소국밥,042 639 8077
350,맛유락,"대전광역시 대덕구 계족산로81번길 92, 2층 (송촌동)",대전광역시 대덕구 송촌동 447-4 ,20120404,한식,찜닭,042 635 5212
351,또랑,"대전광역시 대덕구 계족로 550 (중리동,지상1층)",대전광역시 대덕구 중리동 122-4 지상1층 ,20110404,한식,"돼지갈비,갈비탕",042 635 5678
352,낙동생오리대전점,"대전광역시 대덕구 계족산로36번길 9, 1층 (중리동)",대전광역시 대덕구 중리동 505-4 (1층) ,20101006,,"생오리참숯구이, 생오리양념주물럭구이",042 627 5288
353,예산소복갈비,"대전광역시 대덕구 송촌남로 43 (송촌동,(2층))",대전광역시 대덕구 송촌동 242-48 (2층) ,20110701,한식,"소복갈비,돼지갈비",042 635 2401
354,우리손칼국수,"대전광역시 대덕구 선비마을로 9, 1층 (송촌동)",대전광역시 대덕구 송촌동 506-2 (1층) ,20141008,한식,칼국수,042 626 8283
355,강길도낙지마을,"대전광역시 대덕구 선비마을로 9 (송촌동,1동 102호)",대전광역시 대덕구 송촌동 506-2 1동 102호 ,20120627,한식,"낙지철판구이,낙지볶음",042 639 8582
356,백마강민물장어,대전광역시 대덕구 동서대로 1752 (비래동),대전광역시 대덕구 비래동 561-1 ,20111228,한식,장어구이,042 628 3883
357,계족산산골보리밥,"대전광역시 대덕구 장동로 223-10 (장동,(1층))",대전광역시 대덕구 장동 367-4 (1층) ,20121224,한식,보리밥,042 625 2758
358,통큰갈비신탄진점,"대전광역시 대덕구 신탄진동로 18, 1층 (신탄진동)",대전광역시 대덕구 신탄진동 155-16 (1층) ,20121224,한식,돼지갈비,042 933 9329
359,김밥천국석봉점,"대전광역시 대덕구 대덕대로 1554, 1층 (석봉동)",대전광역시 대덕구 석봉동 309-11 (1층) ,20130405,한식,원조김밥,042 932 0222
360,샤브쌈주머니오정점,"대전광역시 대덕구 한밭대로 1048, 2층 (오정동)",대전광역시 대덕구 오정동 65-8 (2층) ,20130405,한식,"소고기월남쌈, 오리월남쌈",042 624 8485
361,다모아밥상,"대전광역시 대덕구 한밭대로 1027, 지하1층 (오정동)",대전광역시 대덕구 오정동 62-1 (지하1층) ,20140404,한식,삼겹살,042 637 1120
362,비빔국수전문점길갈,"대전광역시 대덕구 신탄진로567번길 2, 1층 (상서동)",대전광역시 대덕구 상서동 279 (1층) ,20140404,분식,"비빔국수,왕만두",042 671 3060
363,계족산염소맛집,"대전광역시 대덕구 송촌북로36번길 11, 2층 (송촌동)",대전광역시 대덕구 송촌동 449-6 (2층) ,20140711,한식,"오리양념불고기, 오리탕미나리샤브",042 636 5292
364,삼돈이,"대전광역시 대덕구 대덕대로 1554, 1층 (석봉동, 별관 )",대전광역시 대덕구 석봉동 309-11 (별관1층) ,20140404,한식,삼겹살,042 932 8292
365,장동감나무보리밥,대전광역시 대덕구 장동로 231 (장동),대전광역시 대덕구 장동 347-5 ,20150713,한식,보리밥,042 585 5353
366,김연수소국밥막국수,"대전광역시 대덕구 대전로1370번길 13-14, 1-2층 (읍내동)",대전광역시 대덕구 읍내동 306 1-2층 ,20170706,한식,소머리국밥,042 634 3325
367,딜리버리 팩토리 대전본점,"대전광역시 대덕구 송촌북로 1, 1층 (중리동)",대전광역시 대덕구 중리동 503-3 1층 ,20160411,한식,"돼지족발, 만두전골",042 621 8883
368,소도둑대전송촌점,"대전광역시 대덕구 송촌북로4번길 49, 1층 (송촌동, 101호)",대전광역시 대덕구 송촌동 475-6 101호 ,20170410,한식,숙성양념더줌(소고기),042 639 6036
369,명품진한우,"대전광역시 대덕구 한밭대로1006번길 105, 2층 (오정동)",대전광역시 대덕구 오정동 275-3 2층 105호,20160411,한식,한우구이,042 628 9277
370,샤브쌈주머니비래점,"대전광역시 대덕구 비래동로 20, 2층 (비래동)",대전광역시 대덕구 비래동 139-1 2층 ,20170410,한식,샤브샤브,042 622 3339
