id,category,title,address,call,img_url,introducing
1,역사명소,계족산성,대전광역시 대덕구 장동 산85,042-623-9909,https://search.pstatic.net/common/?src=http%3A%2F%2Fblogfiles.naver.net%2FMjAyMTAxMzBfNzkg%2FMDAxNjExOTk0MDc1NTAz.pzmleXVExT9Ul-e5lEc7TBpyu-Rgs8J39n6kfiesoTwg.ijxXFUjxlQA49_PJx49_1EQfda-dbeizvOJ7VtKowjQg.JPEG.countrydoll%2FIMG_0595.jpg&amp;type=a340,"삼국시대에 축성된 테뫼형 석축 산성.

높이 399m의 계족산 위에 있는 성으로 현존하는 성벽의 안쪽 높이는 3.4m, 외벽 높이는 7m, 상부 너비는 3.7m이며, 가장 잘 남아 있는 북쪽 성벽의 높이는 10.5m, 서쪽 성벽의 높이는 6.8m이다. 성벽은 대개 납작한 자연활석을 석재로 하여 축조하였으나, 동쪽 성벽 약 200m 정도는 안과 밖으로 석재를 쌓아올려 완성하였다. 성의 동·서·남쪽에 너비 4m의 문지가 있으며, 또 길이 110㎝, 너비 75㎝, 높이 63㎝의 장방형 우물터가 있는데, 그 아래로 약 1m의 수로가 있다. 상봉에 봉수지로 추정되는 곳이 있으며, 건물지와 주초석이 남아 있다.

금강 하류의 중요한 지점에 있고, 백제시대 토기조각이 많이 출토되고 있어 백제의 옹산성으로 비정되어왔다. 그러나 최근 성 안의 건물지와 저수지에 대한 발굴조사가 본격적으로 이루어지면서 6세기 중반 이후의 신라시대 유물만 출토될 뿐 백제 특유의 유물이 출토되지 않아 축성 주체 및 시기를 재검토해야 한다는 의견이 제기되고 있다. 이 성은 백제가 멸망한 뒤 백제부흥군이 이 산성을 근거로 한때 김유신(金庾信)과 품일(品日) 등이 지휘하는 신라군의 진로를 차단시키기도 하였고, 조선 말 동학농민군의 근거지가 되기도 하였다고 전한다. 현재 남문 터 밖에는 지름 12㎝, 깊이 12㎝의 구멍이 뚫린 문초석이 있으며, 성내에서 백제와 신라, 그리고 고려·조선시대의 토기와 자기조각이 출토되고 있어, 삼국시대부터 조선시대까지 계속 사용된 산성임을 증명해준다."
2,역사명소,미륵원,대전광역시 동구 마산동 135-2,042-251-4204,https://search.pstatic.net/common/?src=http%3A%2F%2Fblogfiles.naver.net%2FMjAyMDAxMjdfMjAy%2FMDAxNTgwMDg1MTMwOTEy.13fiIIVaQeqOM4TQjg6GwKKx5zYpM9y2W_oJog0tLFMg.WUPpLwu3txI-4LM2acV1oPNi0CMm_gLzRyAoiQH1eXUg.JPEG.unhah%2FP1020814.JPG&amp;type=a340,"대한불교조계종 제18교구 본사인 백양사(白羊寺)의 말사이다. 통일신라시대에 원효(元曉)가 창건하였고, 1358년(공민왕 7)에 중수하였으며, 1789년(정조 13)에 몽수(夢守)가 중창하여 오늘에 이르고 있다. 옛 이름은 미륵원(彌勒院)이라 하였고, 그 뒤 신왕사(神王寺)로 바뀌었다가 심향사로 되었다.

현존하는 당우로는 미륵전(彌勒殿)과 대웅전(大雄殿)·요사채 등이 있다. 미륵전은 정면 3칸, 측면 2칸의 맞배지붕 건물로서 1976년 8월에 장마로 인해서 붕괴된 것을 1977년 10월에 재복원하였다. 내부에는 고려시대 작품으로 추정되는 석조미륵불좌상이 봉안되어 있고, 후불탱화와 1910년에 그린 지장탱화(地藏幀畵)가 있다.

대웅전은 정면 3칸, 측면 2칸의 맞배지붕 건물이며, 대웅전 안에 봉안된 불상은 베[布]에 칠을 한 건칠불(乾漆佛)로서 1982년 전라남도 유형문화재로 지정되었다.

이 불상은 조선시대 작품으로 알려져 있는데 매우 단아한 자세를 취하고 있다. 또 대웅전 안에는 후불탱화를 비롯하여, 1910년에 그린 독성탱화(獨聖幀畵), 조선 후기의 민화적 성격을 띤 산신탱화(山神幀畵) 등이 있다.

이 밖의 문화재로는 미륵전 앞에 있는 삼층석탑이 있고, 미륵전 앞에는 500년 전에 심었다는 팽나무와 모과나무 두 그루가 있다. 또, 1963년 보물로 지정된 나주북문외삼층석탑과 1963년 보물로 지정된 나주 서성문 안 석등도 원래는 이 절에 있었던 것으로 현재 국립중앙박물관에 다시 옮겨 보관하고 있다. 이 절 일원은 1984년 전라남도 문화재자료로 지정되었다."
3,역사명소,동춘당,대전광역시 대덕구 동춘당로 80 (송촌동),042-608-6572,https://search.pstatic.net/common/?src=http%3A%2F%2Fblogfiles.naver.net%2FMjAyMTExMDlfNiAg%2FMDAxNjM2NDIwMzk2Mjgy.4slgcGEV05hows50VhmX0IW7bDKazWX3m8PlSTyggkQg.JumrLIV6TgHRuvRyH6F_-vwfs0nopelkfbnDNGcGYR0g.JPEG.daedeokgu%2F7.jpg&amp;type=a340,"1963년 보물로 지정되었다. 이 건물은 효종 때 병조판서를 지낸 송준길(宋浚吉)이 자신의 호［同春堂］를 따서 건축한 별당이다. 이 별당의 서북측에는 송준길의 고택인 사랑채와 안채·사당 등이 독립된 건물로 건축되어 있다.

동춘당은 정면 3칸, 측면 2칸의 一자 모양의 평면으로 된 단층팔작지붕이며, 앞면을 널찍하게 다듬은 돌로 쌓은 단층기단 위에, 다듬은 돌 초석을 놓고, 방주(方柱)를 세워 주두 없이 직접 굴도리를 받친, 민도리집 양식이다.

가구는 오량으로 대들보를 앞뒤의 평주 위에 걸고 높이가 낮은 동자기둥을 세워 종보를 받치고 다시 그 위의 판대공에 소로만을 짜넣어 종도리 밑의 장여를 받치고 있다. 서쪽에는 정면 1칸, 측면 2칸의 큰 온돌방을 두고, 그 동쪽에는 정면 2칸, 측면 2칸의 대청을 두었다. 방의 전면과 대청의 전면·측면·뒷면에는 좁은 툇마루를 달았는데 난간은 없다.

대청의 전면 창호는 띠살로 된 들어열개인데, 그 중 하나에는 작은 들창을 달아 겨울철에는 들어열개 분합문을 닫고 지낼 수 있도록 하였다. 방의 창호는 띠살로 된 여닫이창이다. 처마는 홑처마이고 팔작지붕으로 막새기와는 사용하지 않고 있다. 이 건물은 조선 후기의 대표적인 별당건축물로 규모도 크지 않고 선비의 기질을 잘 나타낸 간소한 건물이다."
4,역사명소,남간정사,대전광역시 동구 충정로 53 (가양동),042-673-9286,https://search.pstatic.net/common/?src=http%3A%2F%2Fblogfiles.naver.net%2FMjAyMDA4MjZfNzgg%2FMDAxNTk4Mzk4Mzc1MTM4.Vl79ErFi-CJ2J3Ea0jgH6rkSdIlgVmdefBVjCua2fCIg.VtwEbr29Vzwmdm9xvFkIJ4LnIKQXpFEjIQfaNw-FAcEg.JPEG.kjbpso%2F20200819_143208.jpg&amp;type=a340,"1989년 대전광역시 유형문화재로 지정되었다. 조선 숙종 때의 거유 송시열(宋時烈)이 강학하던 유서깊은 곳으로, 낮은 야산 기슭의 계곡을 배경으로 남향하여 건립되었다.

경내의 입구에는 정면 3칸, 측면 2칸에 홑처마 팔작지붕으로 된 기국정이 있고, 뒤편 높은 곳에는 정면 4칸, 측면 2칸에 홑처마 맞배지붕으로 된 남간정사가 있다. 남간정사는 정면 4칸 중 중앙 2칸 통칸에 우물마루의 넓은 대청을 드린 후 그 좌측편에는 전후 통칸의 온돌방을 드렸다.

그 우측편에는 뒤쪽 1칸을 온돌방으로 하고 앞쪽 1칸은 온돌아궁이의 함실(函室 : 방바닥 밑에 직접 불을 때게 만든 방)을 설치하기 위하여 대청마루면보다 조금 높여 누마루로 꾸몄다. 대청에는 4분합 띠살문을 달았고, 온돌방에는 쌍여닫이 띠살문을 달아 출입하도록 하였다.

계곡의 물이 흐르는 대청 밑에는 장초석을 놓고 원형기둥을 세웠으며, 또한 건물의 네귀에는 활주(活柱 : 추녀 뿌리를 받는 가는 기둥)를 세워 길게 뻗은 처마를 받쳐 주고 있다.

기둥 상부에 건물의 내외방향으로 꽂혀 있는 양봉(樑奉)의 끝을 익공뿌리처럼 깎아 마치 초익공(初翼工)처럼 보이며, 지붕틀은 5량가구로서 겹처마 팔작지붕을 이루고 있다.

뒤편 기슭에서 흐르는 계곡 물을 건물의 대청 밑을 통해, 앞에 마련된 넓은 연당(蓮塘)에 모이도록 하여 경내의 운치를 한층 더해주고 있다. 남간정사는 조선시대 별당건축의 양식적인 측면과 함께 조경에 있어서도 독특한 경지를 이룬 것으로 의의가 크다."
5,역사명소,단재 신채호 선생 생가터 ,대전광역시 중구 단재로229번길 47,042-606-6283,https://search.pstatic.net/common/?src=http%3A%2F%2Fblogfiles.naver.net%2F20100125_161%2Fpsj0578_1264386134847iWqer_jpg%2F%25C5%25A9%25B1%25E2%25BA%25AF%25C8%25AF_cimg2526_psj0578.jpg&amp;type=a340,"1991년 대전광역시 기념물로 지정되었다. 1992년 발굴조사와 고증을 거쳐 ㄱ자형의 안채와 헛간을 복원하고, 1996년에 생가지 앞에 동상을 건립하였다.

신채호는 8세에 아버지를 여의자 할아버지를 따라 충청북도 청원군 낭성면 귀래리 고두미 마을로 옮겨 할아버지가 차린 서당에서 한문을 공부하였다. 19세 때 성균관(成均館)에 입학하여 26세에 박사가 되었다.

황성신문(皇城新聞)과 대한매일신보(大韓每日申報)를 통해 민족의식의 앙양과 독립정신의 고취에 힘썼으며, 28세(1907)에는 신민회(新民會)에 참여하여 국채보상운동(國債報償運動)을 적극 지원하였다.

1910년 한일합방(韓日合邦)이 되자 블라디보스토크로 망명하여 독립운동을 전개하면서 해조신문·대동공보·권업신문 등의 발행을 주도하였다. 1919년 임시정부가 수립되자 의정원(議政院) 전원위원장(全院委員長)에 선임되었다가 1921년 임시정부의 분열상을 보고 사직하였다.

1920년 북경에서 박용만 등과 군사통일촉진회(軍事統一促進會)를 조직하여 임시정부의 존재를 부정하고 이승만을 성토하였다. 1923년 1월 상해에서 국민대표회의 창조파 맹장으로 활동하다 결렬되자 북경으로 돌아와 다물단을 조직·주도하였다.

이 무렵 역사연구야말로 정치운동, 무장운동 못지않은 독립운동임을 깨닫고 국사연구를 본격화하였다. 1924년부터 동아일보 등에 게재한 「평양패수고(平壤浿水考)」, 「전후삼한고(前後三韓考)」, 「조선역사상 일천연래 제일대사건(朝鮮歷史上一千年來第一大事件)」 등의 논문을 발표하였다.

1925년부터는 무정부주의적 성향을 보여 1927년에는 무정부주의 동방연맹(無政府主義 東方聯盟)에 가입하였다. 이듬해 4월에는 북경에서 열린 조선인 무정부주의자 회의를 주도하기도 하였다. 1927년 신간회 결성 시에는 발기인으로 참여하였다.

1928년 대만의 기륭항(基隆港)에 상륙하다 일본 경찰에 체포되어 대련(大連)으로 호송되어 1929년 5월 9일 10년형의 언도를 받고 중사상범으로 다루어져 여순 감옥의 독방에 수감되어 복역하다 1936년 향년 57세로 옥사하였다. 1962년 대한민국건국훈장 복장(複章)이 수여되었다."
6,역사명소,"옛 대전형무소 망루, 우물",대전광역시 중구 목중로 34(목동),042-606-6281,https://search.pstatic.net/common/?src=http%3A%2F%2Fblogfiles.naver.net%2F20160901_34%2Fkoreana3886_1472714008754FLvsH_JPEG%2F%25B8%25C1%25B7%25E71.jpg&amp;type=a340,"2001년 6월 27일 대전광역시 문화재자료로 지정되었다. 이곳은 대전형무소가 있던 자리로, 독립투사들을 수감하기 위해 일본이 소규모로 설치하였던 옛 대전감옥을 3·1운동 이후 수감자가 늘어나게 되자 1939년 확장한 형무소이다. 한때는 안창호·여운형·박헌영 등 많은 독립투사들이 수감되었고, 6·25전쟁 때는 연합군에 쫓기던 북한군이 수천 명의 양민을 무참하게 학살한 곳이기도 하다.

준공 당시 망루는 동서남북에 각 하나씩 있었으나 도시개발계획에 따라 형무소가 이전하면서 형무소 자리는 아파트 단지로 바뀌고 현재 높이 7.85m의 철근콘크리트 건물인 망루 하나만 남아 있다.
"
7,역사명소,수운교의 성지 천단,대전광역시 유성구 자운로 245번길 80 (추목동),042-861-1771,https://search.pstatic.net/common/?src=http%3A%2F%2Fblogfiles.naver.net%2FMjAyMDA4MTZfMjE4%2FMDAxNTk3NTc5NjA0NDEy.6qYZ2Egrcrx8hehB753d_20H72BJEk-qSd_0Oww7UMsg.bvwSk8sFwp0vxzNTLJR0wNbONOxWiz9bUVtzT9kLvZgg.JPEG.lsw24001%2FIMG_3710.JPG&amp;type=a340,"1989년 3월 18일 대전광역시 문화재자료로 지정되었다가, 1999년 5월 26일 대전광역시 유형문화재로 재지정되었다. 수운교천단은 1929년 4월 15일에 세워진 목조건물로서 수운교의 상징적인 건물이다. 수운교는 동학을 일으킨 수운(水雲) 최제우(崔濟愚)를 교조(敎祖)로 하여 하느님을 숭배하는 종교로서 한때 교세가 왕성하여 본부를 서울에 두었으나 교조 문제로 천도교(天道敎)와 의견 차이가 생겨 이곳에서 1923년에 창건하였다. 이 천단은 하느님을 숭배하는 곳으로 도솔천(逃率天) 현판을 걸었다. 앞면 3칸, 옆면 2칸의 팔작지붕 다포계집으로 건물의 설계는 교주 이상룡(李象龍)이 한 것이고, 건축은 경복궁을 지은 최원식(崔元植)이 지었다. 경내에는 정면에 있는 가장 큰 문인 광덕문(廣德門)과 종각 등이 있다.

천단의 건립에 동원된 건축술은 조선시대 건축술을 잘 보여주고 있다. 천단 건물(도솔천)과 광덕문(출입문), 육각으로 지은 종각 등 3동으로 되어 있다. 수운교의 상징적 존재인 천단은 단정하고 엄숙하게 꾸며진 정원 안의 높은 단 위에 위치해 있다. 정원 주변에는 야트막한 담이 둘러쳐져 있으며, 동서남북 사방으로 문이 나 있다.

57평 규모의 천단 건물에는 12마리의 큰 용과 44마리의 작은 용, 88개의 봉황상이 조각되어 있다. 건물 안에는 북벽에 일월성신 족각과 동쪽에는 금강탑, 서쪽에는 무량수탑이 각각 목조 6층으로 금박되어 있다. 또 4면에 불보살, 선관, 성군·사천왕 조각이 있으며 서벽에는 동진보살의 탱화를 배치 하여 종교적인 분위기를 풍기고 있다. 지붕에는 궁궐과 왕실 건축물 등에만 이용하던 12지신상을 배치하여 위엄을 강조하였다."
8,역사명소,이사동 민속마을,대전광역시 동구 이사동 산3,,https://search.pstatic.net/common/?src=http%3A%2F%2Fimgnews.naver.net%2Fimage%2F5451%2F2018%2F03%2F15%2F0000006945_001_20180315220853874.jpg&amp;type=a340,"이사동은 500여 년간 형성된 은진송씨 동족마을로, 수려한 자연경관을 배경으로 분묘 1,000여기, 재실 14개 전통건조물을 비롯한 문화유산이 집중 분포(기념물 3건, 문화재자료 2건)하고 있으며, 다른 전통민속마을에서 찾아보기 드문 마을 전승 상?장례, 제례 관련 무형유산까지도 간직하고 있는 유교전통마을이다."
9,역사명소,옛 충남도청과 근현대사전시관,대전광역시 중구 중앙로 101 (선화동),042-270-6303,https://search.pstatic.net/common/?src=http%3A%2F%2Fblogfiles.naver.net%2FMjAyMjA3MTRfMTcy%2FMDAxNjU3NzYzNTc0Njk2.2aeRYseYm1FY0u0iWPGl6vMzogHFIsC1oLM3wZ7c_v0g.s95blV-lvaXzQDfZhK0s9aRDsEsgA1eLSOLa3BQgHjMg.JPEG.oipicle31%2F_MG_8479.JPG&amp;type=a340,"우리나라의 대표적인 근대문화유산인 옛 충남도청사 본관(등록문화재)에 “대전근현대사 전시관”(2013.10.1. 개관) 및 (구)충남도지사 집무실이 개방되어 있어 20세기 초부터 최근까지 약 100년 간의 대전의 역사와 발전상, 원도심의 다양한 모습들을 느껴볼수 있으며 도청사내에 대전시에서 운영하는 다양한 기획전시실이 있어 역사는 물론, 건축, 디자인, 민속 등 여러 분야의 특별전과 순회전을 하고 있다, 그 외 근대문화 유산인 옛 충남도청사 본관을 활용한 도청사 투어와 음악회 등 다양한 교육·문화 프로그램이 열리는 복합 문화공간이다."
10,문화명소,대전역과 추억의 가락국수,대전광역시 동구 중앙로 218 일원(정동),070-4681-2873,https://search.pstatic.net/common/?src=http%3A%2F%2Fblogfiles.naver.net%2FMjAxOTAzMTNfMTI1%2FMDAxNTUyNDY2NTU5NTMz.iCvfRCxLlwKj55rWR8seWKujpAcccDAyXiPLmi2FSlEg.eYxefA1TaozQ_Qf8VSDVSPtJCcQdsOt4LqQB0pfm4mwg.JPEG.chascraft%2F20190309_070348.jpg&amp;type=a340,"경부선과 호남선의 옛 분기 구조에서 기인하는데, 일제강점기에 조선총독부에서 호남지역 곡물을 부산으로 이동시켜 수탈해 가기 쉽게 하기 위하여 호남선의 선구가 경부선의 대전역에서 부산 방향을 향하도록 호남선을 부설하였다.

그러다 보니 서울에서 호남선을 이용하여 호남 지방으로 가려면 현재와는 달리 대전역까지 갔다가 대전역에서 기관차의 방향을 반대로 바꿔서 가는 것이 불가피하였고, 이 작업이 오랜 시간을 소요하기 때문에 그 시간을 노려서 대전역에서 잠시 내린 후 승강장의 식당으로 가서 가락국수를 시켜먹는 사람들이 많이 있었다.

이 때문에 대전역 가락국수는 자연히 대전역의 명물이 되었다. 그 후 호남선이 대전역을 경유하지 않고 대전조차장에서 서대전역으로 분기하는 구조로 바뀐 현재까지도, 승강장에서 도착 열차 대기 중 대전역 가락국수를 찾는 사람들이 있고, 환승열차 30분 대기 중에 가락국수를 찾는 고객들도 이를 많이 이용하고 있다.

가락국수는 대전역뿐만 아니라 경부선에서 장항선이 분기하는 천안역, 중앙선에서 태백선과 충북선이 분기하는 제천역, 경부선에서 대구선이 분기하는 대구역이나 동대구역 등에서도 팔았다."
11,문화명소,국립대전현충원,대전광역시 유성구 현충원로251,042-718-7114,https://search.pstatic.net/common/?src=http%3A%2F%2Fblogfiles.naver.net%2FMjAyMjA2MDZfNDQg%2FMDAxNjU0NDg3OTY5ODYy.xfkipMM4hZLvDP2Pra-QiokWskpw6nGK1NvlZXMrvUwg.-2IJCI_jl7RIQkwJbd6XWVgjZZNEtN9Ts37uViyreMsg.JPEG.dm5291%2F1654487815780%25A3%25AD1.jpg&amp;type=ofullfill340_600_png,"서울특별시 동작구 동작동(銅雀洞)에 있는 국립현충원의 안장 능력이 한계에 이름에 따라, 1979년 4월 1일 착공해 같은 해 8월 29일 국립묘지관리소 대전분소로 출범하였다. 1985년 국립묘지를 준공한 뒤, 1991년 국립묘지대전관리소 승격을 거쳐 1996년 6월 1일 지금의 국립대전현충원으로 이름을 변경하였다.

부지 면적은 322만 2001㎡, 안장 능력은 6만 3250기이다. 한국의 전통미와 현대감각의 조화, 자연경관의 최대 보존, 기존 국립묘지의 미비점 보완, 전 묘역의 호국공원화를 기본 방향으로 잡아 조성하였다. 묘역은 애국지사 제1·2묘역, 국가유공자묘역, 장군묘역, 일반묘역, 장병묘역, 경찰관묘역 등으로 이루어져 있다. 그밖에 현충관(1,800㎡)과 호국관·봉안관 등이 있다.

조직은 행정·관리·시설 등을 담당하는 관리과와 전례·현충·선양 등을 담당하는 현충과로 이루어져 있다. 1982년 8월 27일 사병을 처음 안장한 이후 1985년 2월 장교 및 경찰관, 1986년 11월 장관급 장교, 1989년 10월 국가유공자, 1994년 12월 소방관(일반묘역)을 각각 처음으로 안장하였다.

묘역 조상 외에 현충일 행사, 합동 및 개별 안장식, 호국영화 상영, 유품 및 전리품 관람, 학생 참관교육, 묘역 가꾸기 봉사 등의 활동도 한다. 개방 시간은 7시부터 18시까지 이며, 연중 무휴이다. 대전광역시 유성구 계룡로 1558번지(구 갑동)에 있다."
12,문화명소,뿌리공원과 족보박물관,대전광역시 중구 뿌리공원로 79,042-581-4445,https://search.pstatic.net/common/?src=http%3A%2F%2Fblogfiles.naver.net%2FMjAyMjA2MjZfMTEg%2FMDAxNjU2MjI5MzI4MDIy.RnDfacdnf6WjKeLaJ1cAiF4mwOlUnZDMkkmUTKp21JIg.FNFf8DP18sWxKXl4WkOnBp698mAY_Ic4kbwYjbVtL6Eg.JPEG.daejeontour%2F1.jpg&amp;type=a340,"주요 전시시설로는 1층과 2층에 걸쳐있는 5개의 상설전시실과 1층의 기획전시실이 있다. 제1전시실은 ‘족보의 체계’라는 주제로 한 가문의 시조에서 시작되는 성씨의 탄생, 본관의 내력, 족보의 체제 등을 다룬다. 제2전시실은 ‘족보의 간행’이라는 주제로 족보가 만들어지는 과정과 관련 자료를 소개한다. 제3전시실은 ‘족보의 역사’라는 주제로 가장 오래된 가계기록인 광개토대왕릉비부터 전자매체로 만들어진 현대의 족보까지 시대별 족보의 변화상을 연표와 함께 전시한다. 제4전시실은 ‘족보의 세계’라는 주제로 족보를 왕실족보, 사가족보, 특수족보로 나누어 전시하며, 돌족보, 비석족보, 휴대용족보, 내시족보 등 다양한 족보를 소개한다. 제5전시실은 체험공간으로 촌수 계산, 승경도놀이, 성씨 내력과 조형물을 찾아볼 수 있는 기구들이 마련되어 있다. 기획전시실에서는 족보를 소재로 다양한 주제의 특별 전시가 개최된다."
13,문화명소,이응노 미술관,대전광역시 서구 둔산대로 157,042-611-9821,https://search.pstatic.net/common/?src=http%3A%2F%2Fblogfiles.naver.net%2FMjAyMTAyMjJfMjg1%2FMDAxNjEzOTU4Njc3ODgx.nmlUQ_buNvJPjTEwsXsCquVnK5gEnfyv5Iz7UDsFrWQg.Q-zpt7bHBe_EblMM10oGNVegv5GiF9iXYyqL_mvFfRUg.JPEG.shi1225%2FIMG_4876.jpg&amp;type=a340,"대전광역시 서구에 위치한 사립미술관으로 2007년 5월 3일 설립되어 2012년부터 대전고암미술문화재단이 운영하고 있다. 화가 고암(顧庵) 이응노의 삶과 예술활동을 조명하고 그의 예술세계를 연구함으로써 한국 미술 발전에 기여하고자 하는 뜻으로 설립되었다. 지상 2개 층, 연면적 1,700㎡ 규모의 미술관 건물은 프랑스 브장송 대학 도서관과 낭시 미술관을 설계한 프랑스 출신 건축가 로랑 보두엥(Laurent Beaudouin, 1955~)이 이응노의 작품 〈수(壽)〉(1972) 속에 내재된 ‘조형적 구조’에서 영감을 받아 문자 추상을 건축적으로 해석하여 설계한 것이다. 1964년 11월프랑스화단의 예술가와 각계 인사의 후원으로 이응노가 파리 세르누쉬 미술관(Mus?e Cernuschi) 내에 파리동양미술학교를 설립하여 운영한 것을 기리기 위해 2013년 8월 세르누쉬 미술관과 업무협약을 체결하였다.

이응노미술관은 2007년부터 이응노 작품 및 자료, 유품을 수집하기 시작하여 2016년 9월 기준 1,344점의 소장품을 관리하고 있다. 이 가운데 1,309점이 이응노의 배우자 박인경 명예관장으로부터 총 10번에 걸쳐 기증 받은 작품이다. 전시 활동 이외에 이응노미술관 신수장고 M2 1층 프로젝트룸에서 대전 지역 청년예술가들의 개인전을 지원하고 파리 근교 보-쉬르-센(Vaux-sur-Seine)에 위치한 고암문화유적지 내 이응노레지던스에 매년 8월부터 10월까지 작가 3명을 파견하는 해외 프로그램을 진행한다."
14,문화명소,고전 종악기 카리용,대전광역시 서구 혜천로 100,042-580-6114,https://search.pstatic.net/common/?src=http%3A%2F%2Fblogfiles.naver.net%2FMjAxODA3MTFfMTA0%2FMDAxNTMxMjk4Mjg4MTY1.5zvMQ8y7aD7QsPvJjFOGuMDKb7XeDBMmLCisOlISWNEg.l0_uDtOi5_vOImvyFS6GYPJ1Q9iufPCHVK07GbRfsEUg.JPEG.gykim67%2FResized_20180711_151139.jpeg&amp;type=a340,"여러 개의 종이 있는 악기 ‘카리용(carillon)’을 연주하는 음악 예술은 전통적으로 시장이나 축제장 같은 곳에서 카리용 연주자인 카리요네르(carillonner)에 의하여 연행된다. 현재 벨기에의 76개 도시와 마을, 그리고 세계에 30개국에서 카리용 문화를 보존하고자 하는 프로그램이 시행되고 있다. 일차적인 목표는 연주, 레퍼토리, 악기, 음악, 구술 및 문서화된 역사 등을 포함하여 유서 깊은 카리용 문화를 보존하고, 아울러 문화적 정체성과 사회적 결속을 강화하는 살아있는 문화유산으로서 카리용 음악의 연속성과 지속 가능한 발전을 확보하는 데 있다.

보존을 위한 노력은 그동안 연주되지 않은 채 방치되었던 카리용에 다시 한 번 활기를 되살려 역사적인 카리용을 보존하고 복원하는데 주안점을 두었다. 여러 교육 정책이 카리용 전승을 돕고 있는데 그 중에서도 메헬렌(Mechelen) 카리용 학교가 가장 중요하다. 새로운 편곡과 작곡 및 음악 장르를 추진하는 한편 카리용을 되살리기 위한 여러 가지 노력이 있었다.

이 무형유산의 보호 프로그램은 전통에 대한 존중과 쇄신에 향한 열망을 결합하여, 현대 사회에서 카리용 문화를 보호하기 위한 새로운 길을 지속적으로 모색하고 있다. 아울러 검증된 모범적인 사례를 장려하고, 지역의 카리용 연주자들을 깊이 존중함으로써 관련된 활동가들이 서로 협력 관계를 구축하고 있다."
15,문화명소,대한민국 3대 빵집 성심당(聖心堂),대전광역시 중구 대종로 480번길 15,1588-8069,https://search.pstatic.net/common/?src=http%3A%2F%2Fblogfiles.naver.net%2FMjAxNjEyMDVfODgg%2FMDAxNDgwOTMwMzIwMTgx.-jIJiXpdscAVFFKr35TFOtEWAxVNCCBLxPBm0SpiCfMg.LZSzg5GtBo_fCVXY6NhM4N8kITLhJgrup9oa46gaW-Ug.JPEG.qjxjzhzhsjt%2F20160910_124420.jpg&amp;type=a340,"성심당(聖心堂)은 대전광역시에 위치한 베이커리 전문점이다. 튀김소보로나 부추빵으로 이름이 났으며, 2014년 프란치스코 교황 방한 때 교황의 식사빵을 만든 기업으로 유명하다. 군산 이성당, 서울 나폴레옹, 전주 PNB풍년제과, 부산 비앤씨와 함께 대한민국의 5대 빵집으로 꼽히기도 한다.[1] 점포는 으능정이, 대전역, 대전컨벤션센터, 롯데백화점 대전점 등 다섯 곳에 있는데, 대전 외에 점포를 내지 않는다."
16,문화명소,화폐박물관,대전광역시 유성구 과학로 80-67,042-870-1200,https://search.pstatic.net/common/?src=http%3A%2F%2Fblogfiles.naver.net%2FMjAyMjEwMTVfNjMg%2FMDAxNjY1ODQwMjg1NDYy.V8wDdHmGrR6jMZj-_3bWcj86mZ4TVlbxVo08cfgvF68g.RKRS8Q3tTG1IXn4WS0IK9_apPSRh3eupzFkfkfQG-rIg.JPEG.yydlove7377%2F1665840249079.jpg&amp;type=a340,"돈 박물관. 싱싱한 돈을 만들어내는 기관 옆에 묵은 돈을 전시하는 박물관이 있다. 대전 한국조폐공사 옆에 자리잡은 큼직한 2층 독립 건물이 화폐박물관이다. 1988년 개관한 국내 첫 화폐, 금융 관련 박물관이다(서울 옛 한국은행 건물에도 화폐금융박물관이 있다). 돈 박물관이니, 돈의 가치를 액면가대로 묻고 따지는 곳은 아니다. 자본주의 사회에서 돈의 막강한 위력을 몸소 체험하며 근근히 살아가고 있는 소시민의 한 사람으로서 ‘어떤 돈이 값나가는 돈일까’가 먼저 궁금해진다. 들여다 보니, 김치도 묵은 김치가 깊은 맛을 내듯, 가치로 따지면 돈도 묵을수록 더 쳐준다. 묵은 돈도 그냥 묵은 게 아니라, 희소성을 갖고 묵어야 값어치가 나간다.
"
17,문화명소,지질박물관,대전광역시 유성구 과학로 124,042-868-3797,https://search.pstatic.net/common/?src=http%3A%2F%2Fcafefiles.naver.net%2FMjAxNjEwMDlfMTcw%2FMDAxNDc2MDIxNzkyNjgx.bbSesB8W3JgvXyDZxSwM_8toAhAtB1O1BkJ1DEcMIskg.Ue-744DZEPX5Z8vzTMx1voHVlEC7V9FmLAlX-61VDakg.JPEG.tlsds%2F1476021749964.jpg&amp;type=a340,"연면적 750평에 소장품은 총 5,000점이다. 1992년 한국자원연구소 지질연구부 소속의 '지질표본관'으로 개관했다. 그 뒤 더 체계적이고 종합적인 박물관의 필요성이 제기됨에 따라 2001년 11월 9일에 지질박물관으로 다시 개관했다.

이곳에는 광물 300여 점, 화석 250여 점, 암석, 석재, 지질 및 퇴적구조 100여 점을 비롯하여 지구의 생성과 진화과정 등을 보여주는 여러 가지 도표와 그림을 전시하고 있다. 이밖에 영상물의 상영, 강연회, 체험학습의 장 등을 마련하여 지질과학의 대중화에 힘쓰고 있다.

주요 활동으로 국내외 광물·암석·화석 등의 지질표본을 수집하여 분류 및 전시하는 일 외에 학생 및 일반인, 초중고교 교사를 위한 강연회 등을 개최하고, 현미경과 X선회절분석기를 이용하여 광물·암석 등에 대한 대내외적인 감정사업을 하고 있다."
18,문화명소,전통시장 유성5일장,대전광역시 유성구 장대동,,https://search.pstatic.net/common/?src=http%3A%2F%2Fblogfiles.naver.net%2F20160414_259%2Fyar1174_1460627161404uAWMN_JPEG%2FIMG_1421.JPG&amp;type=a340,"1916년부터 시작된 유성5일장은 달마다 4·9·14·19·24·29일에 열린다. 원래 5일과 10일째 되는 날마다 열렸으나 장날마다 비가 와 날짜를 바꾸었다고 한다. 대전시민들은 물론 옥천·공주·조치원·금산·논산 등지에서도 장을 보러 온다. 약 1,980 km2의 부지에 점포 40여 개가 있으나, 그것만으로는 모자라서 그 일대의 공터와 골목에까지 장이 들어선다. 장대동사무소 뒤편의 장터 입구에서 가축류가 거래되고, 그 안쪽으로 어류·채소류·의류·식기류 순으로 좌판이 벌어진다. 지역 특산물로 구즉묵마을의 묵, 학하리 고구마, 세동상추, 유성배 등이 거래된다."
19,문화명소,대전예술의전당,대전광역시 서구 둔산대로 135,042-270-8333,https://search.pstatic.net/common/?src=http%3A%2F%2Fblogfiles.naver.net%2FMjAyMTAyMjFfOTMg%2FMDAxNjEzODMzMjE4ODY1.hi4OXp1axafZaqDpjB6hYa8x_vJ7u9n5q7hlepYajEIg.gslYBIrBynkzlMMc0YoaLwWTFr6U1qHUE3Vt8v8m5eQg.JPEG.ggama1203%2F20210220%25A3%25DF164517.jpg&amp;type=a340,"대전광역시 서구 만년동에 있는 공립 종합공연장이다. 대전광역시의 대표적인 종합공연장으로, 만년동 둔산대공원 내에 자리 잡고 있다. 7년여의 공사기간을 거쳐 2003년 10월 1일 개관하였으며, 개관 후 1개월 만에 보강공사로 인해 임시휴관하고, 2004년 3월 26일 재개관하였다."
20,문화명소,천연기념물센터,대전광역시 서구 유등로 927,042-610-7610,https://search.pstatic.net/common/?src=http%3A%2F%2Fblogfiles.naver.net%2FMjAyMjA0MTJfMTYw%2FMDAxNjQ5NzUzMzI2NDkx.lyPnpgGXBschdpPZzQbGuvgFy7bFA8Mwlk1zumoBwaAg.80NTVYyC0dKcqF8iFrxhnK8mOrMfQTbpRypQB17HRmsg.JPEG.bongfam1022%2FIMG_0393.jpg&amp;type=a340,"천연기념물센터는 자연유산인 천연기념물과 명승에 대한 체계적인 조사·연구와 전시·교육을 통하여 그 가치와 중요성을 국민에게 널리 알리기 위하여 설립된 국가연구기관입니다.

천연기념물센터 전시관에는 자연유산에 대한 연구 결과물을 전시하여 전문연구자와 청소년의 학습에 도움을 주고 있으며, 증강현실(AR) 체험, 검색 키오스크, 영상실 등을 통하여 독창적인 체험학습 기회를 제공하고 있습니다."
21,문화명소,숭현서원,대전광역시 유성구 엑스포로,042-861-0409,https://search.pstatic.net/common/?src=http%3A%2F%2Fblogfiles.naver.net%2FMjAyMTA0MThfNjIg%2FMDAxNjE4NzI2ODQwNzU0.kdqMhegLhji3J4xP8FG4u2sQ8PVVjYZ3ZqCDoaOdN48g.DwbEFpu222I5EgG1lCVdx4y3I9AZkzrL6YdM6WQUcrYg.JPEG.kooni%2F%25BC%25FE%25C7%25F6%25BC%25AD%25BF%25F804.jpg&amp;type=a340,"1992년 대전광역시 기념물로 지정되었다. 창건 시기는 확실치 않으나 1585년(선조 18)에 있었던 향현사(鄕賢祠) 성격의 삼현사(三賢祠)가 숭현서원의 전신이며, 임진왜란 때 소실된 것으로 미루어 16세기 후반에 건립된 것으로 추정된다. 정광필(鄭光弼)·김정(金淨)·송인수(宋麟壽)·김장생(金長生)·송준길(宋浚吉)·송시열(宋時烈)·이시직(李時稷)·송시영(宋時榮) 등 8인을 제향(祭享)하였다.

숭현서원은 처음 회덕(懷德) 용두록(龍頭麓)(현 대전광역시 중구 용문동)에 창건되었으나 임란 때 병화를 입어 소실되었다. 그리고 1609년(광해군 1) 유생 송남수(宋?壽)가 향유(鄕儒)를 이끌고 회덕현의 서쪽, 지금의 원촌동에 옮겨지었다.

그런데 당시에는 정광필·김정·송인수 3인만 제향하여 삼현서원(三賢書院)이라 불렀고 그 해에 이시직(李時稷) 등 유생들이 사액을 건의하여 ‘숭현(崇賢)’의 액호(額號)가 내려졌다. 1646년에 김장생을 추향(追享)하였고 1681년에 송준길, 1695년에는 송시열을 추향하였다.

송준길을 추향하기 전인 1658년에는 별묘(別廟)를 세워 병자호란 때 순절한 이시직과 송시영을 제향하였다. 8인을 제향하므로 팔현묘(八賢廟)로 호칭되기도 하였으며 1667년에는 별묘에 제향되었던 이시직·송시영을 서원 본당에 올려 동서(東西)로 배향(配享)하였다.

제향 위차(位次)는 동벽 1위에 정광필, 서벽 1위 김정, 동벽 2위 송인수, 서벽 2위 김장생, 동벽 3위 송준길, 동벽 4위 송시열, 동벽 5위 이시직, 동벽 6위 송시영 순으로 배치되었다. 숭현서원은 창건에서부터 운영에 이르기까지 회덕의 유력 사족인 은진송씨가 깊이 관련되었으며 1871년 대원군의 서원 철폐령으로 훼철되었다.

서원지(書院址)는 묘정비(廟庭碑)가 서있는 현 유성구 원촌동의 뒷산 기슭으로 추정되며 1991년 대전광역시 기념물로 지정되었다. 서원 터는 뒷산 줄기에서 갑천(甲川)을 향해 완만하게 흘러내린 산등성이를 다듬어서 만들었으며 터의 상부에는 정교하게 다듬어 만든 기단(基壇)이 있고 하부에는 기대석이 남아있다.

숭현서원은 묘정비만 남은 채 오랫동안 복원되지 못하다가 1998년 대전광역시 문화사업의 일환으로 원촌동에 복원되었는데 사우와 강당, 동무(東?), 서무(西?), 전사청(典祀廳), 고직사(庫直舍), 외삼문, 별사, 문간채 등의 규모를 갖추고 있다."
22,문화명소,진잠향교대성전,대전광역시 유성구 교촌로 67,042-543-1811,https://search.pstatic.net/common/?src=http%3A%2F%2Fblogfiles.naver.net%2FMjAyMjAyMThfMTU5%2FMDAxNjQ1MTQ1Mjg0MjA1.-0PhD9QNauRLGS3jktgnFWdnyIzO0YHPn9D5mSGtRe0g.JlggeSADzcOp4v2gtY0zzvOUXfghCOTCs7wvACkekeEg.JPEG.yuseonggu%2F012.jpg&amp;type=a340,"1989년 3월 18일 대전광역시 문화재자료로 지정되었다. 진잠향교는 조선시대인 1405년(태종 5)에 창건되어 회덕향교와 함께 대전 인근에서 유학의 산실이 되어왔다. 대성전과 명륜당, 동서양재 등의 건물로 구성되어 있으며 창건 이후 몇 차례 중수가 있었던 것으로 전해진다.

향교는 낮은 야산을 배경으로 하여 입구쪽에 솟을삼문 형태의 외삼문이 있으며 외삼문 안쪽 양옆에 동서양재가 마주보게 배치되어 있다. 안쪽에 학문을 가르치던 명륜당이 있으며 뒤쪽의 내삼문을 거쳐 들어가면 높은 대지에 사괴석 담장으로 둘러싸인 대성전이 있다. 향교의 입구에는 홍살문이 설치되어 있고, 하마비(下馬碑)도 세워져 있어 당시의 위상을 엿볼 수 있다.

대성전은 정면 3칸, 측면 2칸의 겹처마 맞배지붕으로 명륜당의 홑처마 팔작지붕 및 앞쪽 외삼문의 지붕과 대조를 이루면서 단아하면서도 고졸한 멋을 풍긴다.

외삼문은 흥학루(興學樓)라는 현판이 걸려 있는 중앙칸을 이 층의 누각으로 만들어 아래로 통행하고 위에는 누(樓)로 사용하였다.
"
23,문화명소,쌍청당,대전광역시 대덕구 쌍청당로 17,042-608-6575,https://search.pstatic.net/common/?src=http%3A%2F%2Fblogfiles.naver.net%2FMjAxNzExMTBfNjUg%2FMDAxNTEwMjkxOTYyMTQ3.L2LBw8kI9xdtDXOJGBu9LTAmAu7KCSxthz5b2GElcmog.T_3vjn8OixL0FmPwHp04ue5ngNPd8RCXuzewO8Jci9Ug.PNG.dusehd2321%2F%25BD%25D6%25C3%25BB%25B4%25E7%25C7%25F6%25C6%25C7.png&amp;type=a340,"1989년 3월 18일 대전광역시 유형문화재로 지정되었다. 고려 말 조선 초기에 부사정(副司正)을 지낸 송유(宋愉:1389~1446)의 별당이다. 쌍청당이란 평소 송유와 교분이 두터웠던 박팽년(朴彭年)이 지어준 당호인데, 청풍(淸風)과 명월(明月)의 기상을 가슴에 새긴다는 의미가 내포되어 있다고 한다.

쌍청당은 화강암으로 쌓은 기단 위에 정면 3칸(7.54m), 측면 2칸(4.4m) 크기로 세운 남서향 건물이다. 오른쪽 2칸은 대청이며 왼쪽 1칸은 온돌방이다. 그 북쪽으로 반 칸짜리 달림채를 두고 윗부분은 반침(半寢)으로, 아래는 함실로 사용하였다. 모두 네모 기둥을 사용하여 직접 붓머리와 도리를 받쳤고 그 밑에 양봉형(樑奉形)의 부재(部材)로 대들보를 지탱하였다.

초익공(初翼工) 계통의 짜임새를 갖추고 있다. 창방과 문틀 위의 인방(引枋)과의 사이에 소루(小累)를 배치하고 지붕틀 짜임은 앞뒤 평주(平柱) 위에 대들보를 걸고 그 위에 동자주(童子柱)를 세워 종량(宗樑)을 받쳤다. 제형대공(梯形臺工)은 표면에 연화무늬를 새겨 파련대공(波蓮臺工)의 여음을 남기고 있다.

1432년(세종 14)에 송유가 처음 지었으나 이후 1524년(중종 19), 1563년(명종 18), 1597년(선조 30), 1616년(광해군 8), 1708년(숙종 34), 1888년(고종 25), 1937년 이렇게 7차에 걸쳐 중수(重修)되었다.

집 안에는 박연(朴堧)의 제(題), 김상용(金尙容)의 쌍청당서액(雙淸堂書額), 박팽년과 안평대군 등의 제시(題詩) 및 기문(記文) 등이 남아 있다. 원래의 모습을 잘 보존하고 있어 조선 초기의 건축 양식을 살펴볼 수 있는 대표적인 문화재이다."
24,문화명소,송애당,대전광역시 대덕구 계족산로,042-608-6575,https://search.pstatic.net/common/?src=http%3A%2F%2Fblogfiles.naver.net%2F20101117_289%2Fwwto123_1289966790065BSDDM_JPEG%2F37.JPG&amp;type=a340,"송애당 조선조 1633년(인조11)에 문과에 급제하고 효종 때는 충청도 관찰사를 지낸 김경여(金慶餘)가 병자호란 때 남한산성에 호종하였다가 환도 후 비분강개하여 벼슬을 버리고 고향으로 돌아와 이 집을 짓고 거처하던 곳이다. 주변에 소나무가 많아서 당호를 송애당이라 하고, 자신의 호를 이때부터 송애당이라 하였다. 건축사적으로는 기호지방 별당건축의 가장 전형적인 양식을 지니고 있으며 이 건물로 당시 사대부가의 생활상과 건축미학을 알 수 있기도 하다. 정침은 이미 오래 전에 없어지고 지금은 별당인 송애당만 남아있다. 주위는 담장이 송애당을 에워싸고 있다. 최근 택지개발을 하면서 대문 바로 앞에 조그만 잔디밭을 조성하고 나머지 부분은 모두 높은 건물들로 채워져 버렸다. 송애당은 인접해 있는 쌍청당, 동춘당과 같은 정면3칸, 측면2칸, 팔작지붕에 5량집 구조로 되어있다. 다만 대청의 위치와 온돌방의 위치가 앞서 두 건물과 바뀌었고 반침(상부반침 하부아궁이 함실)이 다른 별당에서는 반칸이 밖으로 튀어나온 데 반해 여기서는 반칸이 들어가 붙어 있는 것이 다를 뿐이다. 후면을 제외한 3면은 좁은 툇마루를 돌려 설치해 두었다. 대청마루의 창호는, 정면2칸을 4분합 띠살문 들어열개로 하고, 측면과 후면은 장판문 쌍여닫이로 하였다. 온돌방과의 사이는 3분합 맹장지 들어열개로 되어 있다. 온돌방 전면에는 머리중방 위에 쌍여닫이 띠살문, 측면은 외여닫이 띠살문으로 되어 있다. 가공석 2단으로 된 기단 위에 방형 주초석을 놓고 8치각 방주를 세웠다. 기둥머리에는 조각된 보받침인 양봉(梁棒)이 내외로 돌출 되어 있다. 세부적으로는 쌍청당보다 오히려 동춘당과 비슷한 구조형식을 보여주고 있다. 대청 천정은 연등천정인데 합각부분만 우물반자로 마감하였고 온돌방은 우물반자 위에 종이 바름을 하였다. 용마루 끝에 붙어있는 기와는 마치 잡귀라도 쫓을 듯 눈을 부라리고 있는 모습이 아주 재미있다. 적당히 퇴색된 목재의 색깔이 고건축의 운치를 더해 주고 있다.
"
25,문화명소,문충사,대전광역시 동구 동부로73번길 44,042-608-6575,https://search.pstatic.net/common/?src=http%3A%2F%2Fimgnews.naver.net%2Fimage%2F5324%2F2015%2F10%2F07%2F153651_201328_2714_99_20151007113406.jpg&amp;type=a340,"1989년 3월 18일 대전광역시 문화재자료로 지정되었다. 대전광역시 동구 용운동(龍雲洞)에 있다. 한말에 일제에 항거한 유학자이자 우국지사인 송병선(宋秉璿)·송병순(宋秉珣) 형제의 위패와 영정을 모신 사당이다. 원래 1908년 충청북도 영동(永洞)에 건립되었는데, 송병선의 순국 60주년 기념사업의 하나로 1966년 그의 순국지인 현위치로 이전하였다.

입구에 홍살문이 서 있고, 그 옆에 정면 5칸, 측면 1칸의 솟을대문인 외삼문 안에 용동서원(龍洞書院) 현판이 걸린 강당이 있으며, 그 뒤의 내삼문 안에 정면 3칸, 측면 2칸의 사당이 있다. 용동서원은 1970년에 건립되었는데, 조선시대의 서원 건축양식을 그대로 따랐다.
"
26,문화명소,고산사 대웅전,대전광역시 동구 대전로316번길 205,042-282-2263,https://search.pstatic.net/common/?src=http%3A%2F%2Fblogfiles.naver.net%2FMjAyMTAxMjlfMTU3%2FMDAxNjExODQ3MjQ4NTM0.k4a2UNjnwpmzP7ff7Q7ML5lwVEm7umJ8fodH-l2aV_Ag.4qpVXTr07tZ0BkkagHBUsz2v9j8rQQGoZGbPjdxnxrgg.JPEG.s1yu%2F189A7406.JPG&amp;type=a340,"1989년 3월 18일 대전광역시 유형문화재로 지정되었다.

886년(신라 정강왕 원년) 도선국사(道詵國師)가 창건하고 1636년(인조 14) 수등국사(守登國師)가 중건한 고산사는 조선시대까지 여섯 차례 중건되었어도 대웅전은 옛 형태 그대로 보존되었다. 경내에는 대웅전을 중심으로 양성각(兩聖閣), 극락보전(極樂寶殿) 등이 있고, 대웅전 앞 좌측으로 2기의 부도가 있다. 대웅전을 수리할 때 ‘법장산 법장사(法藏山法藏寺)’라는 상량문이 발견되었는데 이것으로 고산사의 옛 이름이 법장사였음을 알 수 있다.
대웅전은 앞면 3칸, 옆면 2칸으로 석축기단 위에 덤벙 주춧돌을 사용하여 동남향으로 세워져 있다. 조선시대에 유행하였던 다포식 건물인데 기둥 위에 바로 주두(柱頭)를 놓았다. 치목이 아름답고 천장은 연등천장으로, 전통 목조 건축 중 가장 오래된 가구 형식이며 소박한 느낌을 준다. 배흘림기둥에 간단한 맞배지붕을 하였고, 기둥을 결구(結構)하는 창방(昌枋) 위에 평방(平枋)을 놓고 기둥 위와 기둥 사이에 공포를 1개씩 배치하였다.

공포의 구성은 내 4출목, 외 3출목으로서 내부의 출목수를 외부보다 더 많게 한 조선시대 후기의 건축양식을 보여주고 있다. 또한 건물의 양 측면 기둥 사이에도 공포가 1개씩 배치되어 있는 것으로 보아, 원래는 지금과 같은 맞배지붕이 아니라 팔작지붕이었음을 알 수 있다. 건물 내부에는 우물마루를 깔았고, 불단(佛壇)을 서쪽에 조성하여 부처님이 동쪽을 향하게 하였고, 후불탱화(後佛幀畵)는 1815년(순조 15)에 청도 운문사(雲門寺)에서 조성한 것이다.

대웅전 앞에는 3층의 화강암 석탑이 있고, 좌측으로는 요사채 5칸이 있다. 대웅전 안에 안치된 중앙과 그 왼쪽의 불상은 토불(土佛)로서 둘 다 좌대석은 고려시대의 것으로 추정되는데, 오른쪽 것은 석불이고 입상(立像)으로 높이 1.83m이며, 또 그 좌우에 동자(童子) 석불이 있어 부조화감을 준다. 이 석불과 연대석(蓮臺石)도 문화재적 가치가 있다."
27,문화명소,유회당,대전광역시 중구 운남로85번길 32-20,042-606-6283,https://search.pstatic.net/common/?src=http%3A%2F%2Fblogfiles.naver.net%2F20150305_59%2Fjcjkks_14255146979386BqQE_JPEG%2F20100703-20100703-DSC06335.jpg&amp;type=a340,"권이진은 자는 자정(子定), 호는 유회당으로, 송시열의 외손자이다. 1694년(숙종 21)에 문과에 급제하여 승문원 부정자(副正字)가 되었고 사은부사로 청나라에 다녀왔다.

유회당판각은 총 246매로, 저자의 증손자 권상서(權尙書)가 순조 초에 판각한 것이다. 판각에는 시·소(疏)·장계(狀啓)·의(議)·서(書)·서(序)·기(記)·발문(跋文) 등이 수록되어 있는데, 권이진이 관직에 있던 1700∼1734년 사이의 사료가 많이 실려있다.

현재 대전광역시 중구 무수동안동권씨 찬성공파종중에 소장되어 있고, 1991년 대전광역시 유형문화재로 지정되었다."
28,문화명소,창계숭절사,대전광역시 중구 대둔산로137번길 67,042-606-6283,https://search.pstatic.net/common/?src=http%3A%2F%2Fblogfiles.naver.net%2FMjAxODExMDdfMTk0%2FMDAxNTQxNTUwNTM1ODg4.cLXUyZDV1aJH6L4krRxyKVJwrHBcqA_q353cDqX0UXEg.g4nzsbE_LyGvDlUPo1lWmdt1HM0FSR-7ryYC1vXq6N8g.JPEG.daejeondime%2F20.jpg&amp;type=ofullfill340_600_png,"1989년 3월 18일 대전광역시 문화재자료로 지정되었다. 창계숭절사의 명칭은 숭절사 앞으로 흐르는 유등천의 다른 명칭인 창계에서 유래하였다.

조선시대 이후 대전광역시 동구 가양동에 있는 정절서원(靖節書院)에서 박팽년을 비롯한 여러 명의 제사를 지내왔으나 1871년(고종 8)에 서원이 훼철되자 1923년 이곳에 사당을 세우고 박팽년과 박심문을 배향하고 있다.

박팽년의 자는 인수, 호는 취금헌(醉琴軒)이고, 본관은 순천(順天), 시호는 충정(忠正)이다. 1434년(세종 16) 알성문과에 을과로 급제하여 1453년(단종 1) 우승지를 거쳐 이듬해 형조참판이 되었다. 세종 때 신숙주(申叔舟)·최항(崔恒) 등 당대의 유망한 젊은 학자들과 집현전의 관원이 되었고, 이 학사들 중에서 경술(經術)과 문장·필법이 뛰어나 집대성(集大成)이라는 칭호를 받았다. 1456년에 성삼문·하위지(河緯地)·이개(李塏)·유성원(柳誠源)·유응부(兪應孚)·김질 등과 단종 복위를 시도하였으나 실패한 뒤 붙잡혀 고문을 당하다가 옥중에서 죽었다.

박심문은 1431년에 문과에 급제하였으며 육진개척 때 김종서(金宗瑞)를 따라 큰 공을 세웠다. 세조가 즉위하자 사육신과 더불어 단종복위운동을 도모하다가 명나라에 사신으로 다녀 오던 중 의주에 이르러 육신(六臣)의 처형 소식을 듣고 음독 순절하였다. 그뒤 순조 때 그의 행적이 조정에 알려져 이조판서에 추증되었으며, 사육신과 그를 합해 사칠신(死七臣)이라고 일컬어졌다."
29,문화명소,봉소루,대전광역시 중구 봉소루로 29,042-606-6283,https://search.pstatic.net/common/?src=http%3A%2F%2Fblogfiles.naver.net%2F20100511_173%2Fmallarmel_1273579847507yToGP_jpg%2Fdsc_0897_mallarmel.jpg&amp;type=a340,"1992년 10월 28일 대전광역시 문화재자료로 지정되었다.

조선 인조(仁祖) 때 장례원판결사(掌?院判決事)를 지낸 남분붕(南奮鵬:1607~1674)이 건립한 조선시대 서재 2동이다.

남분붕의 본관은 고성, 호는 봉소재(鳳巢齎)이다. 조선 사림(士林)의 태두 조광조(趙光祖)의 학통을 이어받아 의리를 진작시키고 지방 인재의 양성과 후학 지도에 전념하였다. 현종(顯宗) 15년에 세상을 떠난 후 통정대부(通政大夫) 형조참의를 추증받았다.

봉소루는 그가 후진을 양성하던 교육 도장이었다. 봉소란 봉황의 보금자리라는 말로 곧 이곳 학생들이 국가 동량이라는 뜻이다. 본래는 그의 호를 따서 봉소재라 하였다. 규모는 웃방·대청·안방· 부엌이 있는 안채와 서재·누(樓)가 있는 바깥채 2동으로 구성되었다.

누는 ㄱ자형으로, 왼편으로는 정면 3칸, 측면 2칸의 단층 서재가 있고, 오른편에 합각으로 2층 누각이 있다. 누각으로 오르기 위하여 서재 툇마루 우측 끝에 나무로 층계를 만들었다. 단층가옥은 2벌대의 기단석 위에 장대석을 깔고 덤벙주초 위에 네모 기둥을 세웠다. 이층누각 부분은 기단석 위에 돌기둥을 높이 세워 누각을 떠받치고 있다.

가구는 1고주 5고량집에 지붕은 홑처마 팔작지붕이지만, 누각은 겹처마로 장식하고 정면에 봉소루라는 현판을 달았다. 누각은 정면과 우측을 트고 뒷면을 막았는데, 이것은 내외를 하던 조선시대 사대부 집안에서 안채가 보이는 것을 막기 위한 것이다. 뒷쪽의 안채는 ㄱ자 평면형이다. 안채는 광복 전에, 봉소루는 1970년대 초에 중수하였으나 형태는 본래의 모습을 유지하였다."
30,문화명소,도산서원,대전광역시 서구 남선로 8,042-486-7771,https://search.pstatic.net/common/?src=http%3A%2F%2Fblogfiles.naver.net%2FMjAyMTExMTBfMjIy%2FMDAxNjM2NDc0MTUzNzA3.TW20IIvnZkF7k3J4yJOhq_F8m4rMBZbrDVjdMCh_6IIg.M-gPr_98tPcE0JcR96tc9FqVXpZbmySXvl1gpNWdk6gg.JPEG.hebin0430%2FFullSizeRender.jpg&amp;type=a340,"1989년 3월 18일 대전광역시 문화재자료로 지정되었다. 1693년(숙종 19)에 이 지방 유림들이 뜻을 모아 권득기(1570~1622)와 그의 아들이 권시(1604~1672)의 학문과 덕행을 추모하기 위해 세웠다. 1711년(숙종 37) 사액(賜額)을 받았으며 원래 사우(祠宇) 3칸, 묘문(廟門) 3칸, 강당(講堂) 4칸, 서재(西齋) 3칸, 남재(南齋) 3칸, 전사청(典祀廳) 3칸 등 모두 23칸 규모였다.

만회(晩悔) 권득기는 41세에 문과에 급제하여 예조좌랑을 지냈으나 광해군 때 벼슬을 버리고 도학(道學)에 정진하면서 여생을 보낸 절개가 굳은 선비였다. 그 아들인 탄옹(炭翁) 권시 또한 높은 학행(學行)으로 대군사부, 한성부좌윤 등에 천거되었으나 이를 거절하고 낙향하여 탄방동에 서원을 짓고 도학(道學)과 예학(禮學)에 더욱 정진하였다. 도산(道山)이라는 지명도 그가 이곳에 정착하여 도학을 연마하였기 때문에 붙여진 것으로 추정된다.

1871년(고종 8년) 흥선대원군의 서원철폐령으로 헐리었으나 1921년에 다시 단(壇)을 조성하고 제향을 계속하여 오다가 1968년과 1973년 2차례에 걸쳐 안동권씨 종중에서 전체를 복원하였다. 정문인 향직문(向直門)과 내삼문(內三門), 함덕사(涵德祠), 명교당(明敎堂), 시습재(時習齋), 지선재(止善齋), 전사청(典祀廳), 재실(齋室), 수호사(守護舍) 등으로 유지되다가 1987년 숭모각(崇募閣)이라는 장판고를 증축하였다.

사우인 함덕사에는 권득기와 권시의 위패가 봉안되어 있고 강당인 명교당은 유생들의 학업을 위한 회합장소, 시습재와 지선재는 제관들의 제향을 위한 숙소와 회합장소, 수호사에는 서원을 관리하는 고직(庫直)의 주거용으로 각각 사용되었다. 매년 음력 3월과 9월 중정(中丁: 두 번째 丁日) 제향하며 《독서잠의(讀書潛疑)》10권, 《만회집(晩悔集)》《탄옹집(炭翁集)》 등의 문집 10여 권이 있고 숭모각에 만회집탄옹문집 판목(대전광역시 유형문화재)이 소장되어 있다."
31,문화명소,둔산선사유적공원,대전광역시 서구 대덕대로317번길 9,042-270-2418,https://search.pstatic.net/common/?src=http%3A%2F%2Fblogfiles.naver.net%2FMjAxODA0MTdfMjE4%2FMDAxNTIzOTYwMTczNTE3.URoEdx0QGlzL5SqW1ydJ8H7WepegYIBqmyMHtje8Sqkg.WFAdMl1BuEdvUXPXzXY5ni3k-X17e-ej5JgO7o5nMVQg.JPEG.daejeondime%2F2.JPG&amp;type=a340,"1992년 10월 28일 대전광역시 기념물로 지정되었다. 1991년 3월 한국토지개발공사에서 택지개발 공사를 하던 도중 우연히 발견되었기 때문에 원래 지형의 일부는 이미 훼손된 상태였다. 발견 즉시 공사를 중단하고 1991년 5월부터 충남대학교박물관과 한국선사문화연구소에 의해 발굴작업에 들어가 그해 9월 중순에 마무리되었다.

발굴 결과 둔산 정상부의 능선을 따라 동남쪽에서 청동기시대 유적, 그 동쪽에서 구석기시대 유적, 북쪽에서 신석기시대 유적이 발굴되었는데 그중 청동기시대의 집터 3기는 도로개설을 위해 원래 발견된 자리에서 북쪽으로 약 15m 지점으로 전사이전(轉寫移轉:원래의 모습대로 다른 장소로 옮김)하여 선사유적공원으로 조성되었다.

구석기시대 유적은 약 2백평에 이르는 홍적세 퇴적층에서 발견되었다. 그 성격을 분명하게 알 수는 없지만 이곳에서 출토된 뗀석기[打製石器]의 형태나 제작 방법으로 볼 때 늦은 중기구석기나 이른 후기구석기 것으로 추정된다. 출토된 유물로는 망치돌·몸돌·격지[剝片] 등의 석기 50여 점과 석기를 만들 때 나오는 작은 부스러기 등이 있다. 그 밖에 쌍날찍개·긁개·밀개 등도 출토되었는데, 공주 석장리 구석기유적의 중석기시대의 유물과 같은 특징을 띠고 있다.

신석기시대 유적은 집터로 추정되는 지름 2~3m, 깊이 0.8~1.3m 규모의 구덩이 13기이다. 이곳에서 출토된 유물로는 바닥이 둥근 빗살무늬토기의 파편과 보습, 갈돌[石棒]·그물추·다수의 석기재료 등이 있다. 신석기시대 후기(BC 2000~BC1000년)에 속하는 유물로 추정되고, 문화계통은 서해안 빗살무늬토기문화 전통이 강하지만 일부는 동북지방(함경도 해안지역)의 요소도 보인다.

청동기시대 유적은 직사각형의 집터 3기이다. 이중에는 화덕과 돌기둥이 설치되었던 곳도 있다. 출토된 유물로는 팽이토기·민무늬토기 파편·그물추· 가락바퀴(방추차) 등의 토기류와 돌도끼·돌살촉·돌칼 등의 간석기[摩製石器]류가 있다. 특히 팽이토기는 서북지방(대동강 유역과 황해도 일대)을 중심으로 한 본격적인 농경문화인 팽이형토기문화가 중부지방(한강유역과 그 이남)까지 확산되었다는 것을 상징한다.

둔산선사유적지는 한국에서는 처음으로 한곳에서 구석기·신석기·청동기시대의 유물이 한꺼번에 발견되었다는 역사적 의의를 지니며, 이곳 갑천(甲川) 유역이 얕은 구릉과 넓은 농토, 풍부한 물을 배경으로 선사시대부터 많은 인류가 생활했던 곳임을 알 수 있다. 또한 부근의 괴정동 청동기유적, 석장리 구석기유적 등과 함께 이 지방의 선사문화의 갈래와 계통을 확인하는 데 중요한 자료로 평가된다."
32,문화명소,대전 소대헌ㆍ호연재 고택,대전광역시 대덕구 동춘당로 70,042-608-6575,https://search.pstatic.net/common/?src=http%3A%2F%2Fblogfiles.naver.net%2FMjAxODA4MjlfMjA4%2FMDAxNTM1NTI3OTE0OTMz.HcOK2-L573Rqx_FbP5CmgqTeLsoye9j8wB0D5rHk6tkg.QsfQBJuiMzEhcaCK485LwkjuytxpRDiL9EA1_KZXDzMg.JPEG.daejeondime%2F8.jpg&amp;type=a340,"대전 소대헌·호연재 고택은 조선 후기 기호학파의 대표적인 학자인 동춘당 송준길(宋浚吉, 1606~1672)의 둘째 손자인 송병하(宋炳夏, 1646~1697)가 1674년 분가하여 건립한 고택으로, 송병하의 아들 소대헌 송요화(宋堯和, 1682~1764)가 1714년 옮겨 지었다.

소대헌 송요화의 부인 안동 김씨(1681~1722)는 조선후기 여류문학을 대표하는 시인으로서 호가 호연재(浩然齋)로 경서와 사서에도 능통하였다 하며 한시 134수를 남겼다.

고택은 조선 중기 대전지역의 살림집을 이해할 수 있는 건축적 가치를 가지고 있으며, 충청지역에서는 보기 드물게 큰사랑채와 작은사랑채를 동시에 갖추고 대청을 한 쪽에 두는 방식이나 안채의 마루방과 툇마루 등이 전면 뿐 아니라 사방에 다양한 크기로 배치하는 양식은 지역적 특색을 나타내고 있다.

큰집 격인 동춘당 종택과 함께 한 집안의 가계 계승, 충청지역의 명문가 후손 집안으로서의 면모를 찾을 수 있으며, 비교적 조선 중기의 원형이 잘 남아 있고, 대전지역에서는 살림집이 거의 남아 있지 않은 상태에서 지역적 특색을 알 수 있는 희소성이 있는 등 민속적 자료로서 가치가 높다.

※ 위 문화재는 일반적으로 관람이 가능하나, 소유주 등의 개인적 사정으로 관람이 제한될 수도 있습니다."
33,문화명소,회덕향교대성전,대전광역시 대덕구 대전로1397번안길 126,042-625-5565,https://search.pstatic.net/common/?src=https%3A%2F%2Fdbscthumb-phinf.pstatic.net%2F2765_000_122%2F20181203072859875_BK8CSSLGF.jpg%2F4587121.jpg%3Ftype%3Dm4500_4500_fst&amp;type=a340,"1989년 3월 18일 대전광역시 문화재자료로 지정되었다. 조선 세종 때 창건되었으며 임진왜란 때 불탔으나 1600년(선조 33)경에 다시 중건된 후 1812년(순조 12) 가을에 대대적인 보수를 거쳐 오늘에 이른다.

회덕향교는 낮은 야산의 경사진 땅을 따라 2단으로 축대를 쌓고 입구 쪽으로 홍살문을 세웠다. 홍살문 뒤에는 외삼문(外三門)이 있는데 외삼문의 좌우에 방을 만들어 수직사(守直舍)로 사용하고 있다.

외삼문을 들어서면 명륜당(明倫堂)이 있고 여기에서 다시 10단의 계단으로 오르는 사괴석(四塊石) 담장 안에 내삼문(內三門)과 대성전(大成殿)이 남향으로 자리잡고 있어 전체적으로 전당후묘(前堂後廟) 배치법을 따르고 있다.

대성전에는 중국의 4성(四聖), 5현(五賢)과 한국 18현(十八賢)의 위패를 모시고 봄과 가을에 석전을 올리고 있다. 대성전은 문선왕인 공자(孔子)의 위패를 모셔왔는데 공자의 작호(爵號)인 대성지성문선왕(大成至聖文宣王)의 앞 글자를 따서 대성전이라 부른 것이다.

그러나 공자의 후학인 4성(증자, 안자, 자사, 맹자)과 공문십철(孔門十哲) 또는 송조6현(宋朝六賢)의 위패를 모시고 종향(從享)하는 경우도 있다. 또한 대성전에다 한국 18현, 즉 신라시대 2현, 고려시대 2현, 조선시대 14현의 위패를 모시고 합사(合祀)하는 곳이 많으나 조선시대에는 별도의 사당에다 신주를 모셨다."
34,생태환경명소,계족산 황톳길,대전광역시 대덕구 장동 산 85,042-623-9909,https://search.pstatic.net/common/?src=http%3A%2F%2Fblogfiles.naver.net%2F20130902_25%2Fryukl_1378131485850SuwYW_JPEG%2FIMG_5431.JPG&amp;type=a340,"계족산 숲속 황톳길은 국내 그 어느 곳에서도 경험할 수 없는 자연이 주는 건강을 느낄 수 있는 공간입니다. 대전을 방문하게 되면 계족산, 대청댐과 더불어 반드시 가보아야 할 관광명소입니다. 해발 200~300M에서 펼쳐지는 14km의 황톳길을 걷거나 뛰다보면 몸과 마음의 건강을 찾을 수 있을 것이며 봄, 가을에는 자전거를 타며 계족산의 경치를 즐기기 위해 전국에서 하이킹 마니아들이 몰려들고 있습니다.


매년 5월 ‘계족산 맨발축제’를 개최하며, 4~10월까지 매주 주말 계족산 숲속음악회장에서 맥키스오페라 뻔뻔(fun fun)한 클래식 공연과 사진전시회, 맨발도장찍기, 사랑의 엽서 보내기 등 다채로운 주말 무료프로그램을 진행합니다.

계족산 맨발축제는 잘 관리된 14.5km 황톳길 위에서 맨발로 걷거나 달리며 다양한 문화예술을 체험하는 오감만족 에코힐링(eco-healing) 축제입니다. 둘째 날에는 황톳길을 맨발로 걷거나 달리는 축제 메인 행사인 ‘맨발 마라톤’이 개최됩니다.

계족산 숲속 황톳길은 한국관광공사에서 선정한 '한국관광 100선', '5월에 꼭 가 볼만한 곳', 여행전문기자들이 뽑은 '다시 찾고 싶은 여행지 33선'에 선정, KBS1TV '생로병사의 비밀'에서 대표적인 맨발 걷기 장소로 소개된바 있습니다. 2010년에는 유엔환경어린이회의에 참석한 100개국 500여명의 외국 어린이들과 세이셸공화국 미셸 대통령이 맨발로 황톳길을 걷고 극찬을 했으며, 2018년에는 14개국 주한대사, 상무관, 외교관 가족 등 40여 명이 맨발걷기 체험을 하기도 했습니다.


대덕구와 향토기업이 함께 만든 계족산 황톳길을 맨발로 걸어보세요!"
35,생태환경명소,유성온천과 족욕체험장,대전광역시 유성구 봉명동 574,042-611-2718,https://search.pstatic.net/common/?src=http%3A%2F%2Fblogfiles.naver.net%2FMjAyMTEyMDFfMjY5%2FMDAxNjM4MzM0NjQ0MzEx.t_P9P8-3h6VRGy9U3vpOU-_icnT6WynAO08J5xr3cHYg.G40fCX3ubboFGqqZWNeonL7BMZQo5CvLLcTj56Qt32og.JPEG.daejeondime%2FKakaoTalk_20211201_094824677_21.jpg&amp;type=a340,"대전 유성온천지구 내 유성족욕체험장은 섭씨 40도의 천연 온천수가 공급되는 노천족욕장이다. 2만 778㎡ 규모의 4개 족욕장에서 동시에 200명이 족욕을 즐길 수 있다. 이 족욕체험장은 대전을 방문한 관광객들이 가벼운 마음으로 온천을 즐길 수 있도록 마련해 무료로 이용할 수 있다. 대전 유성구에서 수질 관리와 청결에 신경을 써 마음 놓고 족욕을 즐길 수 있는 곳이다. 족욕을 하기 전에 발을 깨끗이 씻는 장소가 따로 마련되어 있다.발과 다리를 뜨거운 물에 담그는 족욕은 혈액순환에 좋고, 스트레스와 통증을 완화하는 효과가 있어 남녀노소 누구에게나 좋은 목욕법이다. 이곳은 특히 어르신들이 즐겨 찾는다.
"
36,생태환경명소,3대 하천과 자전거길,,,https://search.pstatic.net/common/?src=http%3A%2F%2Fimgnews.naver.net%2Fimage%2F5160%2F2015%2F08%2F16%2F921171_303897_5002_99_20150816183821.jpg&amp;type=a340,"대전의 3대 하천으로 갑천, 유등천, 대전천이 있다. 대전 시민들의 휴식공간으로서 자리매김하고 있는 대전의 하천이다. 특히 갑천은 주변에는 한밭수목원, 남문광장, 시립미술관, 대전문화예술의 전당, 평송청소년수련원 등 주요 문화시설이 위치하고 있다. 최근에는 무동력 수상보트 등을 즐길 수 있는 갑천물놀이장이 개장되어 대전시민으로부터 가장 사랑받는 공간으로 자리매김하고 있다. 각 하천마다 자전거길이 형성되어 있는데 갑천은 39.96km 이며 유등천 20.36km, 대전천 15.3km로 대전 시민들의 하이킹 장소로 사랑받고 있다."
37,생태환경명소,종합테마파크 오-월드,대전광역시 중구 사정공원로 70(사정로),042-580-4820,https://search.pstatic.net/common/?src=http%3A%2F%2Fblogfiles.naver.net%2FMjAyMTA1MDFfMjE4%2FMDAxNjE5ODYxNDYyOTA2.6nbfHMf2jVicMDH4xwEHeRQ7kK_s0oMebs2C20vP0qkg.fd-mQw8sM3FHizGjkh1BG5qNSiWI2cHDLdFhOduyTxQg.JPEG.ssy989848%2F1619861256357.jpg&amp;type=a340,"대전에 있는 ‘오월드’는 감탄사 ‘Oh!’의 놀라움, 즐거움, 그리고 감동의 테마파크를 상징해요. ‘오월드’라는 이름은 동물원 ‘주랜드(Zoo land)’, 화려한 꽃들이 있는 식물원 ‘플라워랜드(Flower land)’, 놀이공원 ‘조이랜드(Joy land)’의 단어에 들어 있는 영어 알파벳 ‘o’를 따서 만들었다고 해요.

오월드는 대전 동물원이 그 시초예요. 2009년 5월에 동물원과 놀이공원에 이어 플라워랜드를 만들면서 종합 테마파크로 탄생했지요.

동물원 주랜드에서는 130종 600여 마리의 동물들을 볼 수 있어요. 특히 흔히 볼 수 없었던 희귀 동물들을 많이 볼 수 있어요. 최근에는 백두산 호랑이와 한국 늑대가 자연 상태에서 새끼를 낳아 화제가 됐답니다. 세계의 희귀종 세이셸 알다브라 육지거북을 우리나라에서 유일하게 구경할 수 있는 곳이기도 해요.

주랜드에서 가장 인기 있는 곳은 곰, 사자, 호랑이, 코끼리 같은 동물을 만날 수 있는 사파리 공원이에요. 사파리 공원에서는 사자에게 먹이를 던져 주는 짜릿한 경험을 할 수 있어요."
38,생태환경명소,장태산자연휴양림,대전광역시 서구 장안로 461,042-270-7883,https://search.pstatic.net/common/?src=http%3A%2F%2Fblogfiles.naver.net%2FMjAyMTEyMDRfMTkw%2FMDAxNjM4NjA1Nzg1OTE1.omwiOJynavJr36TbXNmZVneYI5qVP5WcPAV1iPNSUgog.1_GPgE2afo2Qhct1xup-tMJLe4MMCwoB-GtJ-kBrF8Ag.JPEG.hyeyeon6508%2F1638605751613.jpg&amp;type=a340,"1991년 5월 15일에 개장했으며 구역면적은 815,855㎡, 1일 수용인원은 6,000명이다. 해발 306.3m의 장태산 기슭에 임창봉이 조성한 최초의 사유림이자 민간자연휴양림으로 대전팔경 중 하나이다.

자연 상태의 잡목 숲을 배경으로 평지에 고유 수종인 밤나무, 잣나무, 은행나무 등 유실수, 소나무, 두충 등을 계획적으로 조림했고, 미국에서 들여온 메타세쿼이아, 독일 가문비나무 등 외래 수종을 배열하여 독특하게 조성했다. 산 입구 용태울저수지를 지나면서 휴양림이 펼쳐지고 산 정상의 형제바위 위에 있는 전망대에서 낙조를 바라볼 수 있으며 장군봉, 행상바위 등 기암괴석이 보인다.

휴양림에는 숙박시설인 숲속의 집, 메타세콰이아 삼림욕장, 산림문화휴양관, 전시관, 건강지압로, 곤충체험장 등이 조성되어 있다. 주변에 알칼리성 라듐온천(방사능천)인 유성온천, 용태울저수지, 계룡산국립공원, 안평사, 구봉산, 식장산, 대청댐 등의 관광지가 있다."
39,생태환경명소,대청호 오백리길,대전광역시 대덕구 대청로 618-136(대청댐),042-869-5114,https://search.pstatic.net/common/?src=http%3A%2F%2Fblogfiles.naver.net%2FMjAyMTAyMDdfNTUg%2FMDAxNjEyNjQ3MjUwMjIy.60C_XfRHxEKSNWVbjlYXpj3CLrYV10_3Bw61e6l_ve8g.PCB-3jXr9WUMcYeNQropOAkiTSXvQZqPAw1EftkwB30g.JPEG.oykuen%2Fphoto%25A3%25AD2021%25A3%25AD02%25A3%25AD06%25A3%25AD12%25A3%25AD12%25A3%25AD03.jpg&amp;type=a340,"대청호오백리길(Daecheongho Obaekri-Gil)은 총 21구간으로 대전(동구, 대덕구)과 충북(청원, 옥천, 보은)에 걸쳐 있는 약 200km의 도보길이며 대청호 주변 자연부락과 소하천, 등산길, 임도, 옛길 등을 포함하고 있다. 대청호오백리길은 대전을 중심으로 하는 충청권 배후 생태관광지로 역할을 하고 있다. 공식 슬로건은 ‘사람과 산과 물이 만나는 곳(Where people, mountains and water meet)’이다."
40,생태환경명소,보문산 보운대와 대동하늘공원,대전 동구 이화로 35번길 50,042-606-6114,https://search.pstatic.net/common/?src=http%3A%2F%2Fblogfiles.naver.net%2FMjAxNzA5MjhfMjIx%2FMDAxNTA2NjA1NDQ3MjMz.BJcarnjeoHY3T5ycG1CdxnDVu2EflBb2p52QKCrFONEg.SO_kdaSg90UNPrmEuW4jMwXQerChvlRWpDKWEnQXaNAg.JPEG.zji0313t%2FIMG_1618.JPG&amp;type=a340,동구 8경에 선정된 대동하늘공원은 2009년 12월 무지개 프로젝트사업의 일환으로 조성되었다. 대표적 상징물인 풍차가 설치되어 있다. 해발고도 약 127m에 위치하여 풍차 앞에서 정면을 바라보면 대전을 한눈에 담을 수 있는 시원한 풍광 및 훌륭한 야경을 감상할 수 있다. 공원에 벤치와 정자가 설치돼 있어 도심의 혼잡에서 벗어나 한가로이 휴식을 취할 수 있다. 하늘공원으로 이어지는 길에 형성된 벽화마을과 테마 카페촌은 최근 대전의 핫한 명소로 떠오르고 있다.
41,생태환경명소,한밭수목원,대전시 서구 둔산대로 169,042-270-8452,https://search.pstatic.net/common/?src=http%3A%2F%2Fblogfiles.naver.net%2FMjAyMjA2MDNfNTgg%2FMDAxNjU0MjU4NDIyNzE4.8nnpODTk0RV-PeNFI5byjljM3IoPjQaOS4q_yUJS5Kwg.lo3pQUezrwGo7FPhnOQqBqoPVcw80qvgCGFjfRqvBJgg.JPEG.cheerchan%2F20220602%25A3%25DF144238.jpg&amp;type=l340_165,"각종 식물종의 유전자를 보존하고, 청소년들에게 자연체험학습의 장을 제공하며, 시민들에게는 도심에서 푸르름을 만끽하며 휴식할 수 있는 공간을 제공하기 위하여 건립되었다. 둔산대공원 안에 조성된 도심 속 최대의 인공 수목원이다.

연면적은 38만 7000㎡이며, 이를 3단계로 구분하여 연차적으로 조성하였다. 미술관 북쪽의 16만㎡를 조성하는 1단계 사업은 2001년 12월 착공되었고, 남문광장의 6만 4000㎡를 조성하는 2단계 사업과 함께 2004년 11월에 완공되었다. 1·2단계 구역은 감각정원·습지원·야생화원 등 15개 원(園)과 남문광장 등이며, 목본류 376종과 초본류 596종이 있다. 이들 구역은 2005년 4월 28일 개원하여 시민들에게 개방되었다.

둔산대공원 내 청소년수련관 북쪽의 17만㎡를 조성하는 3단계 사업이 완성되어 2009년 5월 9일 개장하였다. 이곳에는 목련원·약용식물원·암석원·유실수원 등 주제별로 19개 원이 있다.

관람시간은 6월부터 9월까지는 오전 6시~오후9시, 10월부터 이듬해 5월까지는 오전 6시~오후 6시이다. 일요일과 휴원하는 화요일을 제외하고는 수목원 해설사의 설명을 들으며 관람할 수 있다. 대전광역시 서구 만년동 396번지에 있다."
42,생태환경명소,대전둘레산길 300리,대전광역시 중구 보문산공원로 422 (1구간),042-270-5583,https://search.pstatic.net/common/?src=http%3A%2F%2Fimgnews.naver.net%2Fimage%2F5285%2F2017%2F03%2F27%2F0000036235_005_20170327113045422.jpg&amp;type=a340,"대전둘레산길은 대전 주위의 등산로를 연결한 12개 구간 138km의 둘레길이다. 보문산, 만인산, 식장산, 계족산, 금병산, 우산봉, 갑하산, 빈계산, 성북산, 방동저수지, 구봉산을 지난다. 2022년 국가숲길로 지정되었다. 대전둘레산길은 2004년 대전과 산을 사랑하는 사람들이 모여 ‘대전둘레산길잇기’ 동호회를 결성한 것이 시초다. 이들은 대전을 둘러싼 산의 능선과 능선을 연결한 12개 구간 138km의 둘레산길 노선을 개척했다."
43,생태환경명소,금강로하스 에코파크,대전광역시 대덕구 대청로 167 (신탄진동),042-933-9481,https://search.pstatic.net/common/?src=http%3A%2F%2Fblogfiles.naver.net%2FMjAyMjA0MDdfMTkw%2FMDAxNjQ5MzA3NDAzMTAx._5JO5mpk5xXpMurvZFDf_ljDQaU_bdNbdphvXD9xKvMg.4vBkwKb5jCEciJDVTj67KmT_qnQ83yE5mh_NoyWX32kg.JPEG.daedeokgu%2F02.jpg&amp;type=a340,"대청댐 시민휴식공원인 대청공원은 도시민의 건전한 여가생활과 보건휴양 및 공공복리 증진을 위하여 조성한 자연생태공원으로 현장학습, 가족나들이, 기업 및 단체의 야유회등 친목 도모의 공간으로 많은 사람들이 즐겨 찾는 전국의 명소이다. 하늘을 찌를 듯이 곧게 뻗은 웅장한 메타세콰이어 숲속쉼터에서는 삼림욕과 여유로운 휴식도 즐길 수 있고, 사계절 내내 가지각색의 아름다운 풍경과 낭만이 있는 자연과 사람이 어우러진 편안하고 쾌적한 친환경적 시민 휴식 공원이다."
44,과학명소,카이스트(KAIST),대전광역시 유성구 대학로 291 한국과학기술원,042-350-2293,https://search.pstatic.net/common/?src=http%3A%2F%2Fblogfiles.naver.net%2FMjAyMTA1MTZfMTU0%2FMDAxNjIxMTM4MzYyNTAy.bqEaxz4RgrV7JiP1Zz-mU5v5gaAGriG80eHDk48HjvYg.L_wtC4zHLL5VbjhHFDch13R0fcElXate0MTQe6VxXwQg.PNG.hsomang%2FKAIST_logo%25C4%25AB%25C0%25CC%25BD%25BA%25C6%25AE%25B7%25CE%25B0%25ED.png&amp;type=a340,"고급 과학기술 인력을 양성하는 연구중심의 과학기술대학. 국가가 필요로 하는 고급 과학기술 인력을 양성하고, 기초 및 첨단과학 연구를 수행하는 대학원 중심의 교육과학기술부 산하 과학기술 특수대학이다. 산업발전에 필요한 과학기술분야에 관하여 깊이 있는 이론과 실제적인 응용력을 갖춘 고급과학기술인재를 양성하고, 국가 정책적으로 수행하는 중·장기 연구개발과 국가과학기술 저력 배양을 위한 기초·응용연구를 수행하며, 다른 연구기관이나 산업계 등에 대한 연구지원을 한다."
45,과학명소,엑스포과학공원과 세계엑스포 기념품박물관,대전광역시 유성구 대덕대로 480 (도룡동),042-869-5114,https://search.pstatic.net/common/?src=http%3A%2F%2Fblogfiles.naver.net%2F20150728_214%2Fdaejeondime_1438061523642PV2fQ_JPEG%2F1.jpg&amp;type=a340,"대전엑스포기념관 2층에 위치한 세계엑스포기념품박물관은 명지전문대 백성현 교수가 직접 수집한 세계 엑스포 기념품 5,000여 점이 전시되어있다. 1851년 런던박람회부터 2012년 여수엑스포까지 약 160여년 간의 엑스포 기념품을 한 자리에서 관람할 수 있다. 박물관은 15개의 시리즈 테마 컬렉션과 국가관 등으로 구성되어 있다."
46,과학명소,한국표준과학연구원과 해시계,대전광역시 유성구 가정로 267 (도룡동),042-868-5593,https://search.pstatic.net/common/?src=http%3A%2F%2Fblogfiles.naver.net%2F20150317_26%2Fdahaeyoo_1426556990055omTz6_JPEG%2F3.JPG&amp;type=a340,"한국표준과학연구원(韓國標準科學硏究院, Korea Research Institute of Standards and Science, KRISS)은 국가 측정표준 대표기관으로 국가 측정표준 확립, 측정 과학기술 연구개발하는 기관이다.

주요기능은 길이, 시간, 질량 등 국가측정표준 확립 및 유지 향상, 첨단 산업에서 필요한 새로운 측정과학기술 및 평가 기술 개발, 산업체 측정기기에 대한 교정/시험 및 인증표준물질(CRM) 보급이다. 또한 산업체에 기술자문, 지원, 교육훈련을 수행함으로써 국가경제, 과학기술 발전 및 국민의 삶의 질 향상에 기여하고 있다."
47,과학명소,한국전자통신연구원,대전시 유성구 가정로 218,042-860-6114,https://search.pstatic.net/common/?src=http%3A%2F%2Fblogfiles.naver.net%2FMjAyMDA5MjVfOTgg%2FMDAxNjAxMDEzNDIwOTUx.JPDh5_DDAUkGGfgOh1i2G4KsgPmH-tr8ikA4_Ggqdo0g.GGawucPRQ8vWI9XhmbTUWRNLvRGDgcz3-bfH00HCeD0g.JPEG.cocoadam%2F20200923_091723.jpg&amp;type=a340,"전자와 통신 분야의 기술개발을 목적으로 설립된 연구기관. 정보·통신·전자 분야의 연구개발을 하는 국내 최대의 정부출연연구기관으로 과학기술정보통신부 국가과학기술연구회(NST) 소관이다. 연구원의 주요 임무는 정보사회의 기반 구축을 위한 반도체, 통신, 컴퓨터 분야의 핵심기술 연구개발, 통신기술 정책수립 지원 및 기술정보 수집·제공, 통신방식에 대한 표준화 연구, 그리고 산업체에 대한 기술 전수 및 지원과 산업체와의 공동 개발 등을 들 수 있다.

그동안 1가구 1전화 시대를 연 TDX(전자식교환기), 메모리 반도체분야의 혁명을 이룩한 4M·16M·64M·256M DRAM, 휴대폰 강국의 초석이 된 CDMA(디지털이동통신시스템) 상용화기술, 내 손안의 TV를 실현시킨 지상파 DMB기술, 휴대 인터넷인 WiBro기술 등을 개발하여 한국을 정보통신 강국으로 이끌었다. 최근에는 디지털 멀티미디어 콘텐츠 자동판매기 기술, 스마트 선박 기술, 4세대 이동통신 기술(LTE-Advanced 개발)을 개발하면서 디지털 컨버전스 시대를 선도하고 있다."
48,과학명소,국립중앙과학관과 천체투영기,대전광역시 유성구 대덕대로 481 국립중앙과학관,042-601-7894,https://search.pstatic.net/common/?src=http%3A%2F%2Fimgnews.naver.net%2Fimage%2F029%2F2021%2F07%2F08%2F0002685891_001_20210708120204492.jpg&amp;type=a340,"천체투영관(天體投影館) 또는 플라네타륨(planetarium)은 천체와 같은 천문 영상이나 천체를 교육적 목적이나 엔터테인먼트를 위해 반구형 스크린에 투영 및 상영하는 돔형 극장이다. 한국어로는 천체투영관 또는 천체투영실로 불린다.

주요 구성품은 반구형 스크린, 광학식 천체투영기, 디지털 천체투영기, 오디오 장치, 조명장치, 천체시뮬레이션 소프트웨어, 풀돔영상물, 통합제어 소프트웨어 등이 있다.

한국의 천체투영관은 독립적으로 만들어지기 보다는 국립과학관이나, 교육과학연구원 등의 부속 시설로 설립된다. 또한 지방자치단체의 천문대에도 빠지지 않고 천체투영관이 설치된다."
49,과학명소,한국한의학연구원,대전광역시 유성구 유성대로 1672,042-868-9516,https://search.pstatic.net/common/?src=http%3A%2F%2Fimgnews.naver.net%2Fimage%2F5014%2F2009%2F03%2F19%2F50140000039526_0.jpg&amp;type=a340,"한의학 분야의 정부출연 연구기관. 한의학 기반의 원천기술연구와 과학화·표준화 연구, 그리고 기초이론 및 임상연구를 수행하고 있다. 과학기술정보통신부 국가과학기술연구회(NST) 산하의 연구기관이다. 한의학, 한방의료 및 한약의 육성·발전에 관한 사항을 전문적이고 체계적으로 연구함으로써 국민보건향상에 기여하며, 더 나아가 한의학의 세계화를 통해 인류건강에 이바지한다.

"
50,과학명소,대전시민천문대와 굴절망원경,대전광역시 유성구 과학로 213-48 (신성동),042-863-8763,https://search.pstatic.net/sunny/?src=http%3A%2F%2Fjrimage.dongascience.com%2Fpress%2F2014%2F12%2F14198535964800_thumb.jpg&amp;type=a340,"대전시민천문대는 2001년 5월3일에 우리나라에서 지자체 1호 천문대로 개관하여 매년 10만명의 관람객과 함께 천문우주과학과 문화예술의 만남의 장으로 제공하고 있습니다.

더욱 유익한 천문관측 프로그램과 다양한 장르의 음악을 만나볼 수 있는 별음악회, 그리고 시와 음악이 어우러진 시낭송회, 미술작품을 감상하실 수 있는 아스트로갤러리 등의 프로그램으로 여러분들의 천문우주과학지식과 문화예술의 만남을 함께 하실 수 있는 최고의 천문대가 되도록 노력하겠습니다.
"
51,과학명소,한국천문연구원,대전광역시 유성구 대덕대로 776 (화암동 61-1),042-865-2084,https://search.pstatic.net/common/?src=http%3A%2F%2Fblogfiles.naver.net%2FMjAyMTA4MDdfMjAx%2FMDAxNjI4MjY2NzU4MDky.Cn3GczPjVpxKGYmlMVkaRqMPlFF3Gcnep-Laa9Xf1PIg.lvhxfTcAjfnGlxbM0nFaAHlAaBpboPv4_1CtO-LoRUwg.JPEG.jhnul21%2F20180803_162252.jpg&amp;type=a340,"천문우주과학 분야의 정부출연 연구기관 이며 광학, 전파, 이론, 관측 천문학 및 우주천문학 분야의 연구를 추진하는, 교육과학기술부 기초기술연구회 소관의 정부출연연구기관이다. 천문우주과학의 발전에 필요한 학술연구와 기술개발을 종합적으로 수행하고 그 성과를 보급하여 국민복지 및 국가안위에 기여한다. 연구원은 천문학과 우주과학에 대한 연구 및 사업, 대형 관측시설의 운영 및 기기개발, 역 및 표준시의 관리 등 국가 천문업무의 수행, 국내외 관련기관과의 협력 및 공동연구 수행, 대국민 천문지식 및 정보 보급 사업, 정부 및 국내외 관련 기관과의 연구 및 기술용역에 대한 수탁 및 위탁, 천문과학기술 분야의 전문인력 양성 등을 주된 임무로 한다.

주요 연구 분야는 광학적외선천문연구(우리 은하계 형성과 진화, 변광천체 및 외계행성 탐색 등), 전파천문연구(성간운 및 별탄생 영역, 한국우주전파관측망 구축 등), 우주과학연구(태양우주환경 연구, 우주물체감시 연구 등), 기술개발연구(우주관측 탑재체 개발, 전파천문장비개발 및 연구지원 등), 천체물리연구(성간물질 및 별 생성, 고천문 등) 등으로 이루어졌다.
"
52,과학명소,한국항공우주연구원과 나로호,대전광역시 유성구 과학로 169-84 (어은동),042-870-3657,https://search.pstatic.net/common/?src=http%3A%2F%2Fcafefiles.naver.net%2F20130321_115%2Fsjh770519_1363844944366TnzpC_JPEG%2F0967E2B6-4D52-5B7A-3652-4CDE5C308B17.jpg&amp;type=a340,"항공우주 과학기술 분야의 정부출연 연구기관. 과학기술정보통신부 국가과학기술연구회 산하의 정부출연연구원이다. 항공우주과학기술영역의 새로운 탐구, 기술선도, 개발 및 보급을 통하여 국민경제의 건전한 발전과 국민생활의 향상에 기여하는 것이 설립목적이다. 연구원의 주요 기능은 ①항공기·인공위성·우주발사체의 종합시스템 및 핵심기술 연구개발 ②국가항공우주개발 정책수립 지원, 항공우주 기술정보의 유통 및 보급·확산 ③시험평가시설의 산·학·연 공동 활용, 중소·중견기업 등 관련 산업계 협력·지원 및 기술사업화 ④정부, 민간, 법인, 단체 등과 연구개발협력 및 기술용역 수탁·위탁, 주요 임무 분야의 전문인력 양성 등이다.

대표적인 연구성과로 항공분야에서는 Experimental 경비행기(까치호), 쌍발 복합재료 항공기, 선미익 소형항공기(반디호), 93 EXPO 지상관측용 무인비행선, 소형 장기체공형 무인기 핵심기술 개발(두루미), 고속-수직 이착륙 무인기, 고고도 장기체공 무인기(EAV), 유·무인 혼용항공기(OPV), 틸트덕트 무인기, 저고도 무인비행장치 교통관리시스템(UTM), 쿼드틸트프롭 무인기(QTP-UAV) 등을 개발했다. 발사체 분야에서는 과학로켓 KSR-Ⅰ, KSR-Ⅱ, KSR-Ⅲ 발사, 한국 최초 우주발사체인 나로호 발사, 한국형발사체(누리호)의 주엔진인 75톤급 액체엔진 성능을 실제 비행을 통해 확인하기 위한 시험발사체 발사 등이 있다. 위성분야에서는 다목적실용위성(아리랑) 1호, 2호, 3호, 5호, 3A호와 통신해양기상위성(천리안) 1호, 정지궤도복합위성(천리안) 2A호와 2B호 발사에 성공 했다."
53,과학명소,한국기계연구원,대전광역시 유성구 가정북로 156,042-861-7401,https://search.pstatic.net/common/?src=http%3A%2F%2Fblogfiles.naver.net%2FMjAyMjA2MDNfMTkg%2FMDAxNjU0MjM4NTAxOTUx.-h7bX3ladzDrISaT612o2mkzfs8rqN0iQdjKK4b6fz8g.Vlcu6SWlevegdwAaungma3g3w1I-sXfhbAu13zygZ88g.JPEG.pysimage%2FIMG_9092.JPG&amp;type=a340,"기계 분야의 정부출연 연구기관. 기계 분야의 연구를 위해 설치된 정부출연 연구기관으로 과학기술정보통신부 산하 국가과학기술연구회 소관 기관이다. 기계 분야의 연구 개발 및 성과확산, 신뢰성 평가, 시험평가 등을 통해 국가 및 산업계의 발전에 기여한다. 연구원의 주요기능은 연구개발 및 기획 기능, 신뢰성 및 시험평가 기능, 기술이전 및 지원 기능 등으로 나눌 수 있다. 연구 기능은 국가 아젠다 실현 및 국가 신성장동력 육성을 위한 원천기술을 개발하고 국가 차원에서 확보해야 할 기계기술의 예측 및 기획을 포함한다. 시험평가 기능은 연구개발 활동과 연계된 신기술 및 주력 기간산업의 신뢰성 및 공인시험평가와 평가관련 기술개발 및 규격 개발·보급을 의미한다. 기술지원 기능은 보유기술의 산업체 이전 및 실용화 지원, 기계분야 중소·중견기업 기술지원, 창업보육 및 기술기반 구축 지원 등이 중심이다.

연구소의 대표적인 연구성과로, 메탈·베어링 국산화개발, 장거리수송용 화학열파이프 개발, 조선소 생산관리체제 개발 및 보급, 소형어선 근대화, 나일론지퍼 성형용 다이휠 개발, 자기부상열차 개발, 비구면 가공용 초정밀가공기 개발, 원격 무인잠수정 개발, 다양한 차세대소재성형기술 개발, 크롬도금공정 개발, 기록보존 전용 디지털 스캐너 개발 등을 들 수 있다."
54,과학명소,국가핵융합연구소(NFRI),대전광역시 유성구 과학로 169-148,042-879-5088,https://search.pstatic.net/common/?src=http%3A%2F%2Fimgnews.naver.net%2Fimage%2F011%2F2018%2F09%2F06%2F0003388278_001_20180906173414616.jpg&amp;type=l340_165,"국가핵융합연구소는 한국형 핵융합로 건설과 핵융합에너지 사용화 기술 개발을 위해 설립된 정부 출연 연구기관이다. 1995년 12월 국가 핵융합 연구개발 기본계획을 확정하고 사업을 시작했다. 1996년 1월 핵융합연구개발사업단으로 출범했다. 2005년 10월 한국기초과학지원연구원 부설 핵융합연구센터가 됐다. 이후 2007년 9월 국가핵융합연구소로 이름이 바뀌었다.
2004년 1월 한국형 차세대 초전도 핵융합연구장치인 케이스타(KSTAR·Korea Superconducting Tokamak Advanced Research) 주장치의 조립 및 설치를 시작해서, 2007년 9월 14일 완성했다. 같은 달 국제핵융합실험로(ITER·International Thermonuclear Experimental Reactor) 한국사업단이 출범했다. 주로 KSTAR 운영을 통한 세계 수준의 핵융합 연구능력 확보, ITER 국내 전담기구 역할 수행과 기술이전, 핵융합 연구인력 양성 및 핵융합발전로 건설, 첨단·원천기술 연구, 핵융합 관련 파생기술을 활용한 첨단 신산업 창출 기여 등의 업무를 수행한다.
조직은 KSTAR 운영사업단(공동실험연구부, 장치운영기술부, 장치기술개발부), ITER 한국사업단, WCI(World Class Institute) 핵융합이론센터, 융복합플라스마연구센터, 미래전략부로 이뤄져 있다. KSTAR 운영사업단은 공학설계의 기본이 되는 장치의 연구 목표, 기본 구조와 변수, 운영 영역과 시나리오, 주요 모델링 결과 등 그 주요 설정 근거의 제시를 목표로 활동한다. ITER 한국사업단은 2040년대 상용 핵융합발전소 건설을 위한 원천기술 확보, 대용량의 친환경적 에너지원 확보로 국가 에너지 자립 및 에너지 안보 기여를 목표로 활동한다. 융복합플라스마연구센터는 응용 플라스마의 원천기술 개발과 다양한 플라스마 응용기술 분야의 개척을 통한 국가 기반산업의 경쟁력 강화를 목표로 활동한다. WCI 핵융합이론센터는 실증로(K-Demo) 연구개발 기반 조성, 상용화 기반 구축 등을 목표로 활동한다.
주요 연구 성과로는 KSTAR 건설과 최초 플라스마 실현, 핵융합 플라스마를 이용한 LED 광원소재 핵심원천기술 연구, 브라운가스 발생장치 개발 및 인프라 구축, 수중 플라스마 방전을 이용한 수처리 시스템 개발, 세계 최초의 n타입 실리콘(n-type Si) 도핑 성공 등이 있다."
55,과학명소,한국화학연구원(KRICT),대전광역시 유성구 과학로 169-148,042-860-7114,https://search.pstatic.net/common/?src=http%3A%2F%2Fblogfiles.naver.net%2FMjAyMjAxMThfMTk0%2FMDAxNjQyNDg5NDAxNjQ2.C-9zIrWDJtGmQO1xaLUrLzMmfLzs8_MXilanJcfHDisg.0GboKTrlF7u_BTVxpe3r9DSo-SMxQjHy3y4fKyCPH00g.PNG.power2know%2F%25C7%25D1%25B1%25B9%25C8%25AD%25C7%25D0%25BF%25AC%25B1%25B8%25BF%25F8_%25B8%25E9%25C1%25A2%25C1%25D8%25BA%25F1%25C2%25FC%25C1%25B6-%25C7%25D1%25B1%25B9%25C8%25AD%25C7%25D0%25BF%25AC%25B1%25B8%25BF%25F8_%25C0%25CE%25C0%25E7%25BB%25F3.png&amp;type=a340,"한국화학연구원(韓國化學硏究院, Korea Research Institute of Chemical Technology, KRICT)은 화학산업 관련 과학기술에 관한 제반 연구 및 시험·조사·지원을 종합적으로 수행하는 과학기술정보통신부 산하 기타공공기관이다. 국가과학기술연구회 소관이며 1976년 설립된 연구기관이다. 소재지는 대전광역시 유성구 가정로 141이다."
56,과학명소,한국에너지기술연구원(KIER),대전광역시 유성구 가정로 152,042-860-3114,https://search.pstatic.net/common/?src=http%3A%2F%2Fblogfiles.naver.net%2FMjAyMTA2MTVfNzYg%2FMDAxNjIzNjg5MjUxODky.sTewavCxqdPJODoO8_n7vMCbLwaCcklxPTF3pqRGjoIg.HMTNQyEHVMOh2puudyyF5ajz-wjdV7Zb2dVZvFyrK2wg.JPEG.kelpolly%2F%25C7%25D1%25B1%25B9%25BF%25A1%25B3%25CA%25C1%25F6%25B1%25E2%25BC%25FA%25BF%25AC%25B1%25B8%25BF%25F8%2528KIER%2529_%25C3%25A4%25BF%25EB_%25C1%25A4%25BA%25B8%252C_%25C0%25DA%25B1%25E2%25BC%25D2%25B0%25B3%25BC%25AD%2528%25C0%25DA%25BC%25D2%25BC%25AD%2529_%25C7%25D7%25B8%25F1%252C_%25B1%25E2%25BE%25F7%25BA%25D0%25BC%25AE%2528%25BF%25AC%25BA%25C0%252C_%25C3%25CA%25BA%25C0_%25B5%25EE%2529%252C_%25C1%25F6%25BF%25F8tip%2528%252721.6.30%2528%25BC%25F6%2529_18%25BD%25C3.jpg&amp;type=l340_165,"에너지의 이용을 연구하고 기술을 개발하여 그 성과를 보급하기 위해 설립된 과학기술정보통신부 국가과학기술연구회 소관의 정부출연 연구기관이다. 1977년 8월 재단법인 한국열관리시험연구소로 출범하여 1980년 한국과학기술연구원(KIST) 부설 태양에너지연구소를 흡수·통합하여 한국종합에너지연구소로 확대 개편되었으며, 1981년 에너지와 자원의 통합운영정책에 따라 자원개발연구소와 통합되어 한국동력자원연구소가 되었다. 1991년 에너지기술의 전문적인 연구기관으로 분리·독립하여 한국에너지기술연구소로 새롭게 발족했으며, 2001년 한국에너지기술연구원으로 개칭했다. 2004년 과학기술부로 소관부처가 변경되었다가 2008년에는 지식경제부를 거쳐 2017년에 과학기술정보통신부 국가과학기술연구회 소관으로 변경되어 현재에 이르고 있다. 연구원의 기능은 크게 에너지기술개발, 에너지기술 보급 확산, 에너지기술 정책 수립으로 구분된다. 에너지기술개발은 태양광, 풍력, 바이오, 연료전지, 수소에너지 등 신재생에너지 연구개발, 이산화탄소 포집 등 온실가스 처리 연구개발, 청정석탄, 비재래형 연료 등 화석에너지 청정 이용 연구개발, 산업·건물·수송·전기 등 관련 에너지 효율 향상 연구개발, 에너지소재 연구개발 등을 포함한다.

에너지기술 보급 확산은 시험평가인증, 인력양성, 기술지원, 기술사업화 등으로 우수 기술 보급을 통한 에너지의 합리적 이용 증진을 목표로 한다. 그리고 에너지기술 정책 수립은 국가 에너지 기술정책 수립을 지원하는 역할이다. 연구소의 대표적인 연구개발 성과로, 무연탄 유동층 연소 장치, 가정용 콘덴싱 보일러, 이소부탄 정제 장치, 발광다이오드(LED) 교통신호등, 바이오디젤 생산 장치, 수소충전소 및 연료전지 하이브리드 자동차, CIGS 박막 태양전지, 석유화학 C4 유분의 고부가가치 극대화 핵심 기술 등을 들 수 있다."
57,과학명소,한국생명공학연구원(KRIBB),대전광역시 유성구 과학로 125,042-860-4114,https://search.pstatic.net/sunny/?src=http%3A%2F%2Fkmug.co.kr%2Fdata%2Feditor%2F1805%2F20180501142148_f4c968892c8da21026a360873c68d631_6pcz.jpg&amp;type=a340,"한국생명공학연구원은 생명 현상에 대한 기초연구를 비롯하여 보건의료, 식량 증산, 바이오신소재, 환경 정화, 신에너지 개발 등 첨단생명공학 연구를 수행하는 정부 출연 연구기관이다. 1985년 2월 한국과학기술원(KAIST) 부설 유전공학센터로 출범해 1990년 12월 유전공학연구소를 거쳐 1995년 3월 생명공학연구소로 개칭되었다. 1999년 5월 독립법인 기초기술연구회 소속 생명공학연구소로 독립법인화 되었다가, 2001년 1월 한국생명공학연구원으로 승격되었다. 대전에 위치한 본원 외에 2005년 9월 충북 오창 캠퍼스를 설치했고, 2006년 11월 전북 정읍 분원을 설치했다.
바이오융합, 바이오신약, 바이오소재, 바이오정보 등 생명과학기술 분야의 연구개발 및 이를 지원하는 연구사업을 수행하고, 국내외 산학연과의 협력 및 그 성과를 보급하는 데 목적이 있다. 또한 국내외 생명과학 연구를 위한 선진적인 공공 인프라를 구축하고 지원한다. 산업화 원천기술을 확보하여 국가성장동력을 창출하고 고령화 질환, 신종감염성 질환 등 국가적인 바이오 어젠더 해결을 위해 노력한다. 바이오나노연구센터, 뇌신경연구센터, 유전체의학연구센터, 단백질체의학연구센터, 바이오화학?에너지연구센터, 산업바이오소재연구센터, 환경바이오연구센터, 미생물자원센터, 유전체자원센터, 해외생물소재허브센터 등으로 이루어져 있다."
58,과학명소,특허청 발명교육센터(창의발명체험관),대전광역시 유성구 과학로 82,042-601-4458,https://search.pstatic.net/common/?src=http%3A%2F%2Fblogfiles.naver.net%2FMjAyMjA4MTlfODAg%2FMDAxNjYwODk5OTI0MDAz.duxC5vTGsf8XvPeVWhrV-TQrj5OG9iEtWuEVLw0LGXsg.HCV3puh8U7cUekG8LmotoN1GqIJTfg8yj3BZmA8kFTwg.JPEG.daejeontour%2F1.jpg&amp;type=a340,"2005년 12월에 개관한 발명교육센터는 지하 1층, 지상 3층에 총 연면적 1,200평의 규모로 창의발명체험실,창의발명체험관, 강의실 등의 시설을 갖추고 있으며 각 지역에서 선발된 우수 발명인재들에게 다양한 발명교육의 기회를 제공하고 있다. 대덕연구단지의 연구원과 특허청 심사관, 각급 학교 발명교사 등 경험이 풍부한 전문 인력을 강사로 활용하여 심화된 발명교육을 실시하고 있으며, 학생들의 창의성과 도전정신을 길러주는 실질적인 발명실습교육과 체험교육을 실시하고 있다.발명교육센터 내 창의발명체험관은 학생들이 놀이와 재미를 통해 발명을 쉽게 이해하고 느껴볼 수 있도록' 클릭,상상 아이콘', '상상의 힘을 보다', '상상의 열매를 맺다', '상상이 현실이 되다' 등 4가지 테마로 체험할 수 있도록 구성되어 있다."
59,과학명소,한국원자력연구원(KAERI),대전광역시 유성구 대덕대로989번길 111,042-868-2000,https://search.pstatic.net/common/?src=http%3A%2F%2Fblogfiles.naver.net%2F20160308_252%2Fdebolw_1457424510309QE6io_JPEG%2Fkaeri.jpg&amp;type=a340,"1959년 3월 1일 원자력원 소속기관으로 발족하여 원자력발전소 설계전문 회사인 한국전력기술(주)와 핵연료의 설계와 제조를 담당하는 현 한전원자력연료(주)를 자회사로 설립하고 이를 독립적인 기관으로 육성하였다. 1973년 원자력청 산하 3개 연구소(원자력연구소·방사선의학연구소·방사선농학연구소)가 통합되면서 민영화되었다. 1975년 10월 현 한국전력기술(주)을 자회사로 설립하고, 1976년 12월에는 한국핵연료개발공단을 설립하였다. 1980년 12월 한국핵연료개발공단을 흡수 통합하면서 한국에너지연구소로 명칭이 바뀌었다.

1988년 1월 원자력병원을 부설기관으로 설립하였고, 1989년 12월 한국원자력연구소로 다시 명칭이 바뀌었다. 1990년 2월 한국원자력연구소의 원자력안전센터가 한국원자력안전기술원으로 독립하였고, 1990년 9월 부설기관으로 원자력환경관리센터를 설립하였다. 1996년 12월에는 원자로계통설계사업, 핵연료사업, 방사성폐기물사업을 정부의 원자력산업체제조정 방침에 따라 각 산업체로 이관하였다. 2007년 3월 한국원자력연구원으로 명칭을 변경하였다.  

주요 활동은 원자로의 연구개발, 방사성 동위원소의 생산 및 핵기술자의 훈련과 양성 등이다. 이곳에서 생산 분배되는 방사선 동위원소는 Au-198 외 10여 종의 일반방사성 동위원소 약 100큐리(ci)와 산업용 방사선원(Ir-192선원) 250큐리 정도이며, 국내 의학계 및 산업계에서 활용하고 있다. 대전광역시 유성구 대덕대로989번길 111(덕진동 150번지)에 있다."
60,과학명소,한국표준과학연구원(KRISS),대전광역시 유성구 가정로 267,042-868-5114,https://search.pstatic.net/common/?src=http%3A%2F%2Fblogfiles.naver.net%2FMjAyMTEyMjBfMTgx%2FMDAxNjM5OTkzOTA2MTY2.NKwEy8tyZj4VEm80CmHVY8EqDamkGlgBZdCrUoSEoTMg.jdiY9HLe1ym5W2JDc47iRHgX_m7hvg_AWPDjRRzDI8Mg.JPEG.krisspr%2Fnonam23434234234e01.jpg&amp;type=a340,"한국표준과학연구원(KRISS·표준연)은 우리나라의 대표 국가측정표준 연구기관이다. 1975년 12월 한국표준연구소라는 명칭으로 설립됐다. 1975년부터는 국가교정검정 업무를 시작했고 1984년에는 표준주파수국(HLA)을 개국했다. 1988년 10월에는 국제도량형위원회(CIPM)의 자문위원회 회원으로 뽑혔다. 1991년 10월 한국표준과학연구원으로 개칭되었다. 1999년 2월에는 '국가표준기본법'에 의해 국가측정표준 대표기관으로 공식 지정됐다.
표준연은 국제적으로 공신력 있는 국가측정표준을 확립하고 이와 관련된 연구개발을 수행해 산업체와 공공 부문에 그 성과를 보급하는 일을 맡는다. 주요 기능은 길이, 시간, 질량 등 국가측정표준 확립 및 유지?향상, 첨단산업에서 필요한 새로운 측정과학기술 및 평가기술 개발, 산업체 측정기기에 대한 교정·시험 및 인증표준물질(CRM) 보급 등이다. 또한 산업체에 기술자문, 지원, 교육훈련을 수행함으로써 국가경제, 과학기술 발전 및 국민의 삶의 질 향상에 기여하고 있다. 나노기술(NT), 바이오기술(BT), 정보기술(IT) 등 미래 신산업에서 요구하는 정밀 측정기술에서부터 우주광학계, 진공, 나노바이오 융합연구까지 다양한 첨단 분야에서 측정표준에 관한 원천기술을 개발하고 있다. 또 국내 산업체에서 사용하는 각종 계측기기들이 정확한 측정값을 유지할 수 있도록 교정과 시험 서비스를 제공한다. 더불어 측정기술 전문가 양성과 현장에서 필요한 기술 지원, 측정표준과 관련한 산학연 교류도 하고 있다.
표준연의 대표적인 성과로는 대한민국 표준시계인 'KRISS-1'을 개발한 것이 있다. 이 시계 개발로 '1초의 정의'를 실현하는 진정한 시간의 원기를 우리나라도 확보하게 되었다. 기존의 세슘원자시계보다 10배 이상 향상된 정확도의 시계를 구현했다. 심자도 검사장치를 독일에 해외 기술이전한 것도 주요 업적 중 하나이다. 표준연은 지난 2004년 심자도 측정장치 개발에 성공했으며, 그 우수성을 인정받아 8월 9일 독일 바이오마그네틱파크 사(社)와 기술이전 계약에 합의했다. 기술이전에 따른 선급기술료는 15억 5천만 원이고 기술실시 기간 동안 심자도 측정장치 판매로 발생되는 매출에 3%를 경상기술료로 받도록 계약했다. 해상도 0.1m 이하(우주에서 자동차 번호판을 식별할 수 있는 정도)의 초고해상도 영상을 얻을 수 있는 직경 2m급 광학거울 제작 기술 및 시설 구축에도 성공했다. 같은 장소에서 대형 광학거울을 제작, 측정, 코팅과 망원경 조립까지 수행할 수 있어 제작 기간 단축 및 운반 중 파손 등의 위험요소를 방지할 수 있다."
